Worker Name,Transaction Type,Category,Item Name,Quantity,Amount,Timestamp,Message Content,Confidence
"Jizar Stoffeliz","Withdrawal","Plants","trigo",200,0,"2025-09-20T00:08:37.727Z","","high"
"Jizar Stoffeliz","Withdrawal","Plants","trigo",50,0,"2025-09-20T00:08:41.701Z","","high"
"Jizar Stoffeliz","Withdrawal","Plants","Bulrush",200,0,"2025-09-20T00:08:47.568Z","","high"
"Jizar Stoffeliz","Withdrawal","Plants","Bulrush",50,0,"2025-09-20T00:08:51.339Z","","high"
"Jizar Stoffeliz","Withdrawal","Plants","corn",200,0,"2025-09-20T00:08:56.575Z","","high"
"Jizar Stoffeliz","Withdrawal","Plants","corn",100,0,"2025-09-20T00:09:00.974Z","","high"
"Jizar Stoffeliz","Withdrawal","Plants","corn",50,0,"2025-09-20T00:09:05.397Z","","high"
"Jizar Stoffeliz","Withdrawal","Plants","corn",200,0,"2025-09-20T00:09:41.287Z","","high"
"Jizar Stoffeliz","Withdrawal","Plants","corn",200,0,"2025-09-20T00:09:45.078Z","","high"
"Jizar Stoffeliz","Withdrawal","Plants","corn",100,0,"2025-09-20T00:09:48.884Z","","high"
"Jizar Stoffeliz","Withdrawal","Boxes","caixarustica",200,0,"2025-09-20T00:09:56.012Z","","high"
"Jizar Stoffeliz","Withdrawal","Boxes","caixarustica",150,0,"2025-09-20T00:10:00.569Z","","high"
"Jizar Stoffeliz","Withdrawal","Plants","Bulrush",200,0,"2025-09-20T00:10:53.737Z","","high"
"Jizar Stoffeliz","Withdrawal","Plants","Bulrush",50,0,"2025-09-20T00:11:02.840Z","","high"
"Jizar Stoffeliz","Withdrawal","Plants","trigo",200,0,"2025-09-20T00:11:08.299Z","","high"
"Jizar Stoffeliz","Withdrawal","Plants","trigo",50,0,"2025-09-20T00:11:12.781Z","","high"
"Jizar Stoffeliz","Withdrawal","Plants","corn",150,0,"2025-09-20T00:11:17.634Z","","high"
"Jizar Stoffeliz","Withdrawal","Plants","corn",50,0,"2025-09-20T00:11:23.100Z","","high"
"Jizar Stoffeliz","Withdrawal","Plants","corn",200,0,"2025-09-20T00:11:59.238Z","","high"
"Jizar Stoffeliz","Withdrawal","Plants","corn",200,0,"2025-09-20T00:12:03.254Z","","high"
"Jizar Stoffeliz","Withdrawal","Plants","corn",100,0,"2025-09-20T00:12:09.116Z","","high"
"Jizar Stoffeliz","Withdrawal","Plants","Bulrush",200,0,"2025-09-20T00:12:58.638Z","","high"
"Jizar Stoffeliz","Withdrawal","Plants","Bulrush",50,0,"2025-09-20T00:13:02.091Z","","high"
"Jizar Stoffeliz","Withdrawal","Plants","trigo",200,0,"2025-09-20T00:13:07.914Z","","high"
"Jizar Stoffeliz","Withdrawal","Plants","trigo",50,0,"2025-09-20T00:13:12.367Z","","high"
"Jizar Stoffeliz","Withdrawal","Plants","corn",150,0,"2025-09-20T00:13:19.546Z","","high"
"Jizar Stoffeliz","Withdrawal","Plants","corn",200,0,"2025-09-20T00:13:58.745Z","","high"
"Jizar Stoffeliz","Withdrawal","Plants","corn",200,0,"2025-09-20T00:14:04.126Z","","high"
"Jizar Stoffeliz","Withdrawal","Plants","corn",100,0,"2025-09-20T00:14:07.357Z","","high"
"Jizar Stoffeliz","Withdrawal","Plants","trigo",200,0,"2025-09-20T00:14:50.641Z","","high"
"Jizar Stoffeliz","Withdrawal","Plants","trigo",50,0,"2025-09-20T00:14:54.324Z","","high"
"Jizar Stoffeliz","Withdrawal","Plants","corn",200,0,"2025-09-20T00:15:00.181Z","","high"
"Jizar Stoffeliz","Deposit","Plants","corn",150,0,"2025-09-20T00:15:05.255Z","","high"
"Jizar Stoffeliz","Withdrawal","Plants","Bulrush",200,0,"2025-09-20T00:15:09.605Z","","high"
"Jizar Stoffeliz","Withdrawal","Plants","Bulrush",50,0,"2025-09-20T00:15:12.965Z","","high"
"Jizar Stoffeliz","Deposit","Boxes","caixadeverduras",500,0,"2025-09-20T00:16:25.381Z","","high"
"Jizar Stoffeliz","Withdrawal","Plants","trigo",200,0,"2025-09-20T00:16:32.306Z","","high"
"Jizar Stoffeliz","Withdrawal","Plants","trigo",50,0,"2025-09-20T00:16:36.096Z","","high"
"Jizar Stoffeliz","Withdrawal","Plants","Bulrush",200,0,"2025-09-20T00:16:41.672Z","","high"
"Jizar Stoffeliz","Withdrawal","Plants","Bulrush",50,0,"2025-09-20T00:16:45.908Z","","high"
"Jizar Stoffeliz","Withdrawal","Plants","corn",150,0,"2025-09-20T00:16:49.873Z","","high"
"Jizar Stoffeliz","Withdrawal","Plants","corn",200,0,"2025-09-20T00:17:25.308Z","","high"
"Jizar Stoffeliz","Withdrawal","Plants","corn",200,0,"2025-09-20T00:17:29.289Z","","high"
"Jizar Stoffeliz","Withdrawal","Plants","corn",100,0,"2025-09-20T00:17:33.720Z","","high"
"Jizar Stoffeliz","Withdrawal","Plants","trigo",150,0,"2025-09-20T00:17:43.748Z","","high"
"Jizar Stoffeliz","Withdrawal","Plants","trigo",200,0,"2025-09-20T00:18:41.921Z","","high"
"Jizar Stoffeliz","Withdrawal","Plants","trigo",50,0,"2025-09-20T00:18:45.636Z","","high"
"Jizar Stoffeliz","Withdrawal","Plants","Bulrush",200,0,"2025-09-20T00:19:38.651Z","","high"
"Jizar Stoffeliz","Withdrawal","Plants","Bulrush",50,0,"2025-09-20T00:19:44.287Z","","high"
"Jizar Stoffeliz","Withdrawal","Plants","corn",150,0,"2025-09-20T00:20:13.158Z","","high"
"Jizar Stoffeliz","Withdrawal","Plants","corn",50,0,"2025-09-20T00:20:30.035Z","","high"
"Jizar Stoffeliz","Withdrawal","Plants","corn",200,0,"2025-09-20T00:21:40.988Z","","high"
"Jizar Stoffeliz","Withdrawal","Plants","corn",200,0,"2025-09-20T00:21:45.560Z","","high"
"Jizar Stoffeliz","Withdrawal","Plants","corn",100,0,"2025-09-20T00:21:52.740Z","","high"
"Jizar Stoffeliz","Withdrawal","Boxes","caixarustica",100,0,"2025-09-20T00:22:03.333Z","","high"
"Jizar Stoffeliz","Withdrawal","Boxes","caixarustica",50,0,"2025-09-20T00:22:09.841Z","","high"
"Jizar Stoffeliz","Deposit","Boxes","caixadeverduras",125,0,"2025-09-20T00:23:50.423Z","","high"
"Jizar Stoffeliz","Withdrawal","Plants","trigo",200,0,"2025-09-20T00:24:01.035Z","","high"
"Jizar Stoffeliz","Withdrawal","Plants","trigo",50,0,"2025-09-20T00:24:04.489Z","","high"
"Jizar Stoffeliz","Withdrawal","Boxes","caixarustica",100,0,"2025-09-20T00:24:49.126Z","","high"
"Jizar Stoffeliz","Withdrawal","Plants","corn",200,0,"2025-09-20T00:24:53.840Z","","high"
"Jizar Stoffeliz","Withdrawal","Plants","corn",50,0,"2025-09-20T00:24:57.273Z","","high"
"Jizar Stoffeliz","Withdrawal","Plants","trigo",200,0,"2025-09-20T00:25:03.733Z","","high"
"Jizar Stoffeliz","Withdrawal","Plants","trigo",50,0,"2025-09-20T00:25:06.162Z","","high"
"Jizar Stoffeliz","Withdrawal","Plants","Bulrush",200,0,"2025-09-20T00:25:50.219Z","","high"
"Jizar Stoffeliz","Withdrawal","Plants","Bulrush",200,0,"2025-09-20T00:25:55.777Z","","high"
"Jizar Stoffeliz","Withdrawal","Plants","Bulrush",100,0,"2025-09-20T00:25:59.873Z","","high"
"Jizar Stoffeliz","Withdrawal","Plants","Bulrush",50,0,"2025-09-20T00:26:05.425Z","","high"
"Jizar Stoffeliz","Withdrawal","Plants","corn",200,0,"2025-09-20T00:27:14.448Z","","high"
"Jizar Stoffeliz","Withdrawal","Plants","corn",200,0,"2025-09-20T00:27:20.019Z","","high"
"Jizar Stoffeliz","Withdrawal","Plants","corn",100,0,"2025-09-20T00:27:32.997Z","","high"
"Jizar Stoffeliz","Withdrawal","Plants","trigo",57,0,"2025-09-20T00:27:39.407Z","","high"
"Jizar Stoffeliz","Withdrawal","Plants","Bulrush",200,0,"2025-09-20T00:27:46.816Z","","high"
"Jizar Stoffeliz","Withdrawal","Plants","Bulrush",100,0,"2025-09-20T00:27:51.311Z","","high"
"Jizar Stoffeliz","Withdrawal","Plants","Bulrush",200,0,"2025-09-20T00:28:55.773Z","","high"
"Jizar Stoffeliz","Withdrawal","Plants","Bulrush",200,0,"2025-09-20T00:29:00.199Z","","high"
"Jizar Stoffeliz","Withdrawal","Plants","Bulrush",50,0,"2025-09-20T00:29:04.533Z","","high"
"Jizar Stoffeliz","Deposit","Plants","corn",50,0,"2025-09-20T00:30:09.018Z","","high"
"Jizar Stoffeliz","Deposit","Plants","Bulrush",400,0,"2025-09-20T00:30:11.645Z","","high"
"Jizar Stoffeliz","Deposit","Plants","trigo",157,0,"2025-09-20T00:30:16.181Z","","high"
"Bartholomeu Dias","Withdrawal","Money","Money",0,160,"2025-09-20T00:31:21.285Z","","high"
"Jizar Stoffeliz","Deposit","Boxes","caixadeverduras",500,0,"2025-09-20T00:32:19.407Z","","high"
"Jizar Stoffeliz","Deposit","Boxes","caixadeverduras",125,0,"2025-09-20T00:32:47.839Z","","high"
"Jizar Stoffeliz","Withdrawal","Boxes","caixadeverduras",200,0,"2025-09-20T00:32:51.456Z","","high"
"Jizar Stoffeliz","Withdrawal","Boxes","caixadeverduras",200,0,"2025-09-20T00:32:56.175Z","","high"
"Jizar Stoffeliz","Withdrawal","Boxes","caixadeverduras",100,0,"2025-09-20T00:33:00.167Z","","high"
"Sasa Pietra","Withdrawal","Plants","semente_trigo",100,0,"2025-09-20T00:34:28.252Z","","high"
"Bartholomeu Dias","Withdrawal","Money","Money",0,250,"2025-09-20T00:40:17.437Z","","high"
"Nathy Miller","Deposit","Plants","corn",500,0,"2025-09-20T00:43:13.955Z","","high"
"Bartholomeu Dias","Withdrawal","Money","Money",0,125,"2025-09-20T00:45:43.008Z","","high"
"Jizar Stoffeliz","Deposit","Money","Money",0,1000,"2025-09-20T00:57:57.320Z","","high"
"Cliff Dillimore","Withdrawal","Money","Money",0,493,"2025-09-20T01:00:53.778Z","","high"
"Quase Nada","Deposit","Miscellaneous","hoe",1,0,"2025-09-20T01:01:33.686Z","","high"
"Quase Nada","Withdrawal","Miscellaneous","Cigarett",2,0,"2025-09-20T01:01:39.232Z","","high"
"Chris Rubble","Withdrawal","Boxes","caixarustica",150,0,"2025-09-20T01:17:53.435Z","","high"
"Jizar Stoffeliz","Withdrawal","Boxes","caixadeverduras",200,0,"2025-09-20T01:27:03.101Z","","high"
"Jizar Stoffeliz","Withdrawal","Boxes","caixadeverduras",200,0,"2025-09-20T01:27:06.818Z","","high"
"Jizar Stoffeliz","Withdrawal","Boxes","caixadeverduras",100,0,"2025-09-20T01:27:11.341Z","","high"
"Nathy Miller","Deposit","Plants","corn",500,0,"2025-09-20T01:30:27.307Z","","high"
"Sasa Pietra","Deposit","Plants","trigo",500,0,"2025-09-20T01:32:34.484Z","","high"
"Nina Vatore","Deposit","Plants","corn",420,0,"2025-09-20T01:33:01.013Z","","high"
"Nina Vatore","Withdrawal","Miscellaneous","satchel",1,0,"2025-09-20T01:33:18.790Z","","high"
"Nathy Miller","Withdrawal","Miscellaneous","common_portion_donkey",4,0,"2025-09-20T01:35:45.895Z","","high"
"Nina Vatore","Deposit","Plants","corn",500,0,"2025-09-20T01:36:55.488Z","","high"
"Nina Vatore","Withdrawal","Miscellaneous","satchel",2,0,"2025-09-20T01:36:59.777Z","","high"
"Nathy Miller","Deposit","Miscellaneous","common_portion_donkey",4,0,"2025-09-20T01:37:45.036Z","","high"
"Nathy Miller","Deposit","Miscellaneous","donkey_male",4,0,"2025-09-20T01:37:48.300Z","","high"
"Nathy Miller","Withdrawal","Miscellaneous","common_portion_sheep",4,0,"2025-09-20T01:37:57.394Z","","high"
"Sasa Pietra","Deposit","Plants","trigo",500,0,"2025-09-20T01:38:43.240Z","","high"
"Nina Vatore","Deposit","Plants","corn",80,0,"2025-09-20T01:39:14.058Z","","high"
"Nathy Miller","Withdrawal","Plants","semente_trigo",100,0,"2025-09-20T01:39:50.025Z","","high"
"Sasa Pietra","Withdrawal","Miscellaneous","donkey_male",4,0,"2025-09-20T01:41:25.317Z","","high"
"Sasa Pietra","Withdrawal","Miscellaneous","common_portion_donkey",4,0,"2025-09-20T01:41:37.661Z","","high"
"Thony Gustav","Withdrawal","Money","Money",0,570,"2025-09-20T01:51:05.182Z","","high"
"Thony Gustav","Withdrawal","Miscellaneous","common_portion",10,0,"2025-09-20T01:52:50.752Z","","high"
"Jubiscleia Gilbert","Withdrawal","Miscellaneous","batatarecheada",3,0,"2025-09-20T01:55:13.146Z","","high"
"Nathy Miller","Withdrawal","Miscellaneous","common_portion_sheep",4,0,"2025-09-20T01:55:38.153Z","","high"
"Thony Gustav","Withdrawal","Plants","corn",200,0,"2025-09-20T01:59:51.338Z","","high"
"Thony Gustav","Withdrawal","Plants","corn",200,0,"2025-09-20T01:59:58.146Z","","high"
"Thony Gustav","Withdrawal","Plants","corn",100,0,"2025-09-20T02:00:03.026Z","","high"
"Thony Gustav","Withdrawal","Plants","Bulrush",200,0,"2025-09-20T02:01:07.472Z","","high"
"Thony Gustav","Withdrawal","Plants","Bulrush",50,0,"2025-09-20T02:01:11.350Z","","high"
"Thony Gustav","Withdrawal","Plants","trigo",200,0,"2025-09-20T02:01:18.891Z","","high"
"Thony Gustav","Withdrawal","Plants","trigo",50,0,"2025-09-20T02:01:25.010Z","","high"
"Thony Gustav","Withdrawal","Plants","corn",200,0,"2025-09-20T02:02:59.002Z","","high"
"Thony Gustav","Withdrawal","Plants","corn",50,0,"2025-09-20T02:03:03.192Z","","high"
"Thony Gustav","Withdrawal","Plants","corn",200,0,"2025-09-20T02:03:07.688Z","","high"
"Thony Gustav","Withdrawal","Plants","corn",50,0,"2025-09-20T02:03:14.190Z","","high"
"Sasa Pietra","Withdrawal","Miscellaneous","common_portion_donkey",4,0,"2025-09-20T02:04:06.318Z","","high"
"Thony Gustav","Withdrawal","Plants","Bulrush",200,0,"2025-09-20T02:05:29.491Z","","high"
"Thony Gustav","Withdrawal","Plants","Bulrush",50,0,"2025-09-20T02:05:33.713Z","","high"
"Jizar Stoffeliz","Deposit","Money","Money",0,1000,"2025-09-20T02:05:35.366Z","","high"
"Thony Gustav","Withdrawal","Plants","trigo",200,0,"2025-09-20T02:05:45.007Z","","high"
"Thony Gustav","Withdrawal","Plants","trigo",50,0,"2025-09-20T02:05:50.003Z","","high"
"Thony Gustav","Withdrawal","Plants","corn",200,0,"2025-09-20T02:07:07.595Z","","high"
"Thony Gustav","Withdrawal","Plants","corn",200,0,"2025-09-20T02:07:12.027Z","","high"
"Thony Gustav","Withdrawal","Plants","corn",100,0,"2025-09-20T02:07:16.393Z","","high"
"Thony Gustav","Withdrawal","Plants","Bulrush",200,0,"2025-09-20T02:08:01.649Z","","high"
"Thony Gustav","Withdrawal","Plants","Bulrush",50,0,"2025-09-20T02:08:05.972Z","","high"
"Thony Gustav","Withdrawal","Plants","trigo",200,0,"2025-09-20T02:08:13.027Z","","high"
"Thony Gustav","Withdrawal","Plants","trigo",50,0,"2025-09-20T02:08:17.634Z","","high"
"Thony Gustav","Withdrawal","Plants","corn",200,0,"2025-09-20T02:09:36.255Z","","high"
"Thony Gustav","Withdrawal","Plants","corn",200,0,"2025-09-20T02:09:41.074Z","","high"
"Thony Gustav","Withdrawal","Plants","corn",100,0,"2025-09-20T02:09:45.352Z","","high"
"Thony Gustav","Withdrawal","Plants","Bulrush",200,0,"2025-09-20T02:10:34.422Z","","high"
"Thony Gustav","Withdrawal","Plants","Bulrush",50,0,"2025-09-20T02:10:38.544Z","","high"
"Thony Gustav","Withdrawal","Plants","trigo",200,0,"2025-09-20T02:10:45.023Z","","high"
"Thony Gustav","Withdrawal","Plants","trigo",50,0,"2025-09-20T02:10:50.248Z","","high"
"Nathy Miller","Withdrawal","Miscellaneous","common_portion_sheep",4,0,"2025-09-20T02:13:44.574Z","","high"
"Thony Gustav","Withdrawal","Money","Money",0,570,"2025-09-20T02:31:50.893Z","","high"
"Bonnie Bennett","Withdrawal","Money","Money",0,410,"2025-09-20T02:37:39.678Z","","high"
"Nathy Miller","Withdrawal","Plants","semente_trigo",200,0,"2025-09-20T02:52:15.757Z","","high"
"Chris Rubble","Withdrawal","Boxes","caixarustica",200,0,"2025-09-20T03:23:03.858Z","","high"
"Nathy Miller","Deposit","Plants","trigo",500,0,"2025-09-20T03:40:13.113Z","","high"
"Nathy Miller","Deposit","Plants","trigo",500,0,"2025-09-20T03:43:22.158Z","","high"
"Nathy Miller","Deposit","Plants","trigo",500,0,"2025-09-20T03:45:55.027Z","","high"
"Nathy Miller","Deposit","Plants","trigo",500,0,"2025-09-20T03:50:54.290Z","","high"
"Chris Rubble","Withdrawal","Plants","Bulrush",10,0,"2025-09-20T03:55:05.335Z","","high"
"Nathy Miller","Deposit","Plants","trigo",500,0,"2025-09-20T03:55:16.309Z","","high"
"Chris Rubble","Deposit","Plants","Bay_Bolete_Seed",70,0,"2025-09-20T03:56:23.136Z","","high"
"Chris Rubble","Deposit","Plants","Prairie_Poppy_Seed",70,0,"2025-09-20T03:56:27.742Z","","high"
"Chris Rubble","Deposit","Plants","semente_trigo",1,0,"2025-09-20T03:56:31.351Z","","high"
"Chris Rubble","Withdrawal","Miscellaneous","batatarecheada",3,0,"2025-09-20T03:57:31.992Z","","high"
"Nathy Miller","Deposit","Plants","trigo",500,0,"2025-09-20T04:18:01.443Z","","high"
"Smith Ramirez","Withdrawal","Boxes","caixadeverduras",200,0,"2025-09-20T04:20:02.810Z","","high"
"Smith Ramirez","Withdrawal","Boxes","caixadeverduras",50,0,"2025-09-20T04:20:06.229Z","","high"
"Thony Gustav","Withdrawal","Money","Money",0,750,"2025-09-20T04:21:44.190Z","","high"
"Thony Gustav","Deposit","Money","Money",0,1000,"2025-09-20T04:22:43.009Z","","high"
"Thony Gustav","Withdrawal","Boxes","caixarustica",50,0,"2025-09-20T04:31:07.206Z","","high"
"Thony Gustav","Deposit","Boxes","caixarustica",50,0,"2025-09-20T04:31:24.981Z","","high"
"Thony Gustav","Withdrawal","Plants","corn",200,0,"2025-09-20T04:31:40.372Z","","high"
"Thony Gustav","Withdrawal","Plants","corn",200,0,"2025-09-20T04:31:45.637Z","","high"
"Thony Gustav","Withdrawal","Plants","corn",100,0,"2025-09-20T04:31:51.093Z","","high"
"Nathy Miller","Deposit","Plants","semente_trigo",74,0,"2025-09-20T04:32:37.026Z","","high"
"Sasa Pietra","Withdrawal","Plants","cornseed",100,0,"2025-09-20T04:33:03.661Z","","high"
"Smith Ramirez","Deposit","Money","Money",0,500,"2025-09-20T04:33:20.281Z","","high"
"Nathy Miller","Withdrawal","Plants","trigo",100,0,"2025-09-20T04:34:04.308Z","","high"
"Nathy Miller","Withdrawal","Plants","trigo",100,0,"2025-09-20T04:34:24.577Z","","high"
"Nathy Miller","Withdrawal","Plants","trigo",50,0,"2025-09-20T04:34:30.012Z","","high"
"Nathy Miller","Withdrawal","Plants","Bulrush",150,0,"2025-09-20T04:34:38.267Z","","high"
"Nathy Miller","Withdrawal","Plants","Bulrush",100,0,"2025-09-20T04:34:44.660Z","","high"
"Nelio Tavares","Deposit","Miscellaneous","hoe",1,0,"2025-09-20T04:35:26.745Z","","high"
"Nelio Tavares","Withdrawal","Plants","Bulrush_Seed",100,0,"2025-09-20T04:35:37.295Z","","high"
"Nelio Tavares","Withdrawal","Miscellaneous","Cigarett",1,0,"2025-09-20T04:36:01.393Z","","high"
"Thony Gustav","Withdrawal","Plants","corn",200,0,"2025-09-20T04:36:58.158Z","","high"
"Thony Gustav","Withdrawal","Plants","corn",200,0,"2025-09-20T04:37:04.580Z","","high"
"Thony Gustav","Withdrawal","Plants","corn",100,0,"2025-09-20T04:37:10.213Z","","high"
"Nathy Miller","Withdrawal","Plants","Bulrush",150,0,"2025-09-20T04:37:26.619Z","","high"
"Nathy Miller","Withdrawal","Plants","Bulrush",100,0,"2025-09-20T04:37:44.035Z","","high"
"Nathy Miller","Withdrawal","Plants","trigo",150,0,"2025-09-20T04:37:51.789Z","","high"
"Nathy Miller","Withdrawal","Plants","trigo",100,0,"2025-09-20T04:37:56.867Z","","high"
"Nelio Tavares","Withdrawal","Miscellaneous","garrafaplasticavazia",1,0,"2025-09-20T04:52:27.221Z","","high"
"Nelio Tavares","Withdrawal","Miscellaneous","Cigarett",1,0,"2025-09-20T05:03:28.208Z","","high"
"Nelio Tavares","Deposit","Miscellaneous","garrafaplasticavazia",1,0,"2025-09-20T05:03:33.547Z","","high"
"Nelio Tavares","Deposit","Plants","Bulrush",200,0,"2025-09-20T05:10:42.949Z","","high"
"Nelio Tavares","Deposit","Plants","Bulrush",200,0,"2025-09-20T05:10:46.513Z","","high"
"Nelio Tavares","Deposit","Plants","Bulrush",100,0,"2025-09-20T05:10:50.214Z","","high"
"Nelio Tavares","Withdrawal","Miscellaneous","garrafaplasticavazia",1,0,"2025-09-20T05:16:52.936Z","","high"
"Sasa Pietra","Deposit","Plants","corn",500,0,"2025-09-20T05:18:00.559Z","","high"
"Johnny Rocks","Withdrawal","Boxes","caixarustica",150,0,"2025-09-20T05:21:36.570Z","","high"
"Sasa Pietra","Deposit","Plants","corn",500,0,"2025-09-20T05:21:57.610Z","","high"
"Nelio Tavares","Deposit","Plants","Bulrush",200,0,"2025-09-20T05:23:12.297Z","","high"
"Nelio Tavares","Deposit","Plants","Bulrush",200,0,"2025-09-20T05:23:16.080Z","","high"
"Nelio Tavares","Deposit","Plants","Bulrush",100,0,"2025-09-20T05:23:19.152Z","","high"
"Nelio Tavares","Withdrawal","Plants","cornseed",100,0,"2025-09-20T05:23:52.770Z","","high"
"Cliff Dillimore","Withdrawal","Money","Money",0,500,"2025-09-20T05:27:09.921Z","","high"
"Johnny Rocks","Withdrawal","Plants","corn",200,0,"2025-09-20T05:30:09.360Z","","high"
"Johnny Rocks","Withdrawal","Plants","corn",200,0,"2025-09-20T05:30:11.756Z","","high"
"Johnny Rocks","Withdrawal","Plants","corn",100,0,"2025-09-20T05:30:14.387Z","","high"
"Johnny Rocks","Withdrawal","Plants","Bulrush",200,0,"2025-09-20T05:30:38.824Z","","high"
"Johnny Rocks","Withdrawal","Plants","Bulrush",50,0,"2025-09-20T05:30:41.858Z","","high"
"Johnny Rocks","Withdrawal","Plants","trigo",200,0,"2025-09-20T05:30:45.262Z","","high"
"Johnny Rocks","Withdrawal","Plants","trigo",50,0,"2025-09-20T05:30:48.129Z","","high"
"Johnny Rocks","Withdrawal","Plants","corn",200,0,"2025-09-20T05:31:18.388Z","","high"
"Johnny Rocks","Withdrawal","Plants","corn",200,0,"2025-09-20T05:31:20.697Z","","high"
"Johnny Rocks","Withdrawal","Plants","corn",10,0,"2025-09-20T05:31:23.558Z","","high"
"Johnny Rocks","Withdrawal","Plants","corn",90,0,"2025-09-20T05:31:28.104Z","","high"
"Johnny Rocks","Withdrawal","Plants","Bulrush",200,0,"2025-09-20T05:31:48.282Z","","high"
"Johnny Rocks","Withdrawal","Plants","Bulrush",50,0,"2025-09-20T05:31:51.513Z","","high"
"Johnny Rocks","Withdrawal","Plants","trigo",200,0,"2025-09-20T05:31:54.710Z","","high"
"Johnny Rocks","Withdrawal","Plants","trigo",50,0,"2025-09-20T05:31:57.422Z","","high"
"Johnny Rocks","Withdrawal","Plants","corn",200,0,"2025-09-20T05:32:24.799Z","","high"
"Johnny Rocks","Withdrawal","Plants","corn",200,0,"2025-09-20T05:32:26.834Z","","high"
"Johnny Rocks","Withdrawal","Plants","corn",100,0,"2025-09-20T05:32:32.307Z","","high"
"Johnny Rocks","Withdrawal","Plants","Bulrush",200,0,"2025-09-20T05:32:34.618Z","","high"
"Johnny Rocks","Withdrawal","Plants","Bulrush",50,0,"2025-09-20T05:32:38.180Z","","high"
"Johnny Rocks","Withdrawal","Plants","Bulrush",200,0,"2025-09-20T05:32:43.358Z","","high"
"Johnny Rocks","Withdrawal","Plants","Bulrush",200,0,"2025-09-20T05:32:55.388Z","","high"
"Johnny Rocks","Withdrawal","Plants","Bulrush",200,0,"2025-09-20T05:33:17.386Z","","high"
"Johnny Rocks","Withdrawal","Plants","Bulrush",50,0,"2025-09-20T05:33:20.874Z","","high"
"Johnny Rocks","Withdrawal","Plants","trigo",200,0,"2025-09-20T05:33:24.381Z","","high"
"Johnny Rocks","Withdrawal","Plants","trigo",50,0,"2025-09-20T05:33:27.261Z","","high"
"Johnny Rocks","Withdrawal","Plants","corn",200,0,"2025-09-20T05:33:59.779Z","","high"
"Johnny Rocks","Withdrawal","Plants","corn",200,0,"2025-09-20T05:34:01.587Z","","high"
"Johnny Rocks","Withdrawal","Plants","corn",100,0,"2025-09-20T05:34:05.107Z","","high"
"Johnny Rocks","Withdrawal","Plants","Bulrush",200,0,"2025-09-20T05:34:25.493Z","","high"
"Johnny Rocks","Withdrawal","Plants","Bulrush",50,0,"2025-09-20T05:34:28.221Z","","high"
"Johnny Rocks","Withdrawal","Plants","trigo",200,0,"2025-09-20T05:34:31.412Z","","high"
"Johnny Rocks","Withdrawal","Plants","trigo",50,0,"2025-09-20T05:34:34.308Z","","high"
"Johnny Rocks","Withdrawal","Plants","corn",200,0,"2025-09-20T05:35:12.347Z","","high"
"Johnny Rocks","Withdrawal","Plants","corn",200,0,"2025-09-20T05:35:15.068Z","","high"
"Johnny Rocks","Withdrawal","Plants","corn",100,0,"2025-09-20T05:35:18.272Z","","high"
"Johnny Rocks","Withdrawal","Plants","Bulrush",200,0,"2025-09-20T05:35:37.711Z","","high"
"Johnny Rocks","Withdrawal","Plants","Bulrush",50,0,"2025-09-20T05:35:40.726Z","","high"
"Johnny Rocks","Withdrawal","Plants","trigo",200,0,"2025-09-20T05:35:46.299Z","","high"
"Johnny Rocks","Withdrawal","Plants","trigo",50,0,"2025-09-20T05:35:49.196Z","","high"
"Johnny Rocks","Withdrawal","Plants","corn",200,0,"2025-09-20T05:36:27.719Z","","high"
"Johnny Rocks","Withdrawal","Plants","corn",200,0,"2025-09-20T05:36:29.754Z","","high"
"Johnny Rocks","Withdrawal","Plants","corn",100,0,"2025-09-20T05:36:34.228Z","","high"
"Johnny Rocks","Withdrawal","Plants","Bulrush",200,0,"2025-09-20T05:36:53.722Z","","high"
"Johnny Rocks","Withdrawal","Plants","Bulrush",50,0,"2025-09-20T05:36:56.725Z","","high"
"Johnny Rocks","Withdrawal","Plants","trigo",200,0,"2025-09-20T05:36:59.559Z","","high"
"Johnny Rocks","Withdrawal","Plants","trigo",50,0,"2025-09-20T05:37:02.699Z","","high"
"Johnny Rocks","Deposit","Boxes","caixadeverduras",500,0,"2025-09-20T05:38:10.587Z","","high"
"Nelio Tavares","Withdrawal","Plants","cornseed",100,0,"2025-09-20T05:38:24.225Z","","high"
"Johnny Rocks","Withdrawal","Plants","corn",200,0,"2025-09-20T05:38:37.610Z","","high"
"Johnny Rocks","Withdrawal","Plants","corn",200,0,"2025-09-20T05:38:40.094Z","","high"
"Johnny Rocks","Withdrawal","Plants","corn",100,0,"2025-09-20T05:38:43.310Z","","high"
"Johnny Rocks","Withdrawal","Plants","Bulrush",200,0,"2025-09-20T05:39:04.481Z","","high"
"Johnny Rocks","Withdrawal","Plants","Bulrush",50,0,"2025-09-20T05:39:09.339Z","","high"
"Johnny Rocks","Withdrawal","Plants","trigo",200,0,"2025-09-20T05:39:13.015Z","","high"
"Johnny Rocks","Withdrawal","Plants","trigo",50,0,"2025-09-20T05:39:16.803Z","","high"
"Johnny Rocks","Withdrawal","Plants","corn",200,0,"2025-09-20T05:39:45.358Z","","high"
"Johnny Rocks","Withdrawal","Plants","corn",200,0,"2025-09-20T05:39:47.423Z","","high"
"Johnny Rocks","Withdrawal","Plants","corn",100,0,"2025-09-20T05:39:51.117Z","","high"
"Johnny Rocks","Withdrawal","Plants","Bulrush",200,0,"2025-09-20T05:40:15.316Z","","high"
"Johnny Rocks","Withdrawal","Plants","Bulrush",50,0,"2025-09-20T05:40:18.028Z","","high"
"Johnny Rocks","Withdrawal","Plants","trigo",200,0,"2025-09-20T05:40:20.786Z","","high"
"Johnny Rocks","Withdrawal","Plants","trigo",50,0,"2025-09-20T05:40:23.532Z","","high"
"Thony Gustav","Withdrawal","Boxes","caixadeverduras",200,0,"2025-09-20T05:42:04.638Z","","high"
"Thony Gustav","Withdrawal","Boxes","caixadeverduras",50,0,"2025-09-20T05:42:10.728Z","","high"
"Thony Gustav","Withdrawal","Plants","corn",200,0,"2025-09-20T05:42:21.539Z","","high"
"Thony Gustav","Withdrawal","Plants","corn",200,0,"2025-09-20T05:42:26.648Z","","high"
"Thony Gustav","Withdrawal","Plants","corn",150,0,"2025-09-20T05:42:32.645Z","","high"
"Thony Gustav","Withdrawal","Plants","corn",100,0,"2025-09-20T05:42:37.132Z","","high"
"Johnny Rocks","Withdrawal","Plants","corn",200,0,"2025-09-20T05:42:47.411Z","","high"
"Johnny Rocks","Withdrawal","Plants","corn",200,0,"2025-09-20T05:42:49.359Z","","high"
"Johnny Rocks","Withdrawal","Plants","corn",100,0,"2025-09-20T05:42:53.137Z","","high"
"Johnny Rocks","Withdrawal","Plants","Bulrush",200,0,"2025-09-20T05:43:14.389Z","","high"
"Johnny Rocks","Withdrawal","Plants","Bulrush",50,0,"2025-09-20T05:43:17.653Z","","high"
"Johnny Rocks","Withdrawal","Plants","trigo",200,0,"2025-09-20T05:43:21.492Z","","high"
"Johnny Rocks","Withdrawal","Plants","trigo",50,0,"2025-09-20T05:43:24.688Z","","high"
"Thony Gustav","Deposit","Plants","corn",200,0,"2025-09-20T05:44:11.785Z","","high"
"Thony Gustav","Deposit","Plants","corn",100,0,"2025-09-20T05:44:18.115Z","","high"
"Johnny Rocks","Deposit","Boxes","caixadeverduras",500,0,"2025-09-20T05:44:35.002Z","","high"
"Johnny Rocks","Withdrawal","Plants","cornseed",100,0,"2025-09-20T05:45:18.572Z","","high"
"Nelio Tavares","Deposit","Plants","corn",200,0,"2025-09-20T05:56:44.473Z","","high"
"Nelio Tavares","Deposit","Plants","corn",200,0,"2025-09-20T05:56:47.641Z","","high"
"Nelio Tavares","Deposit","Plants","corn",100,0,"2025-09-20T05:56:53.846Z","","high"
"Cliff Dillimore","Deposit","Money","Money",0,250,"2025-09-20T05:58:42.914Z","","high"
"Nelio Tavares","Deposit","Plants","corn",200,0,"2025-09-20T06:02:58.794Z","","high"
"Nelio Tavares","Deposit","Plants","corn",200,0,"2025-09-20T06:03:01.760Z","","high"
"Nelio Tavares","Deposit","Plants","corn",100,0,"2025-09-20T06:03:05.141Z","","high"
"Nelio Tavares","Deposit","Plants","corn",200,0,"2025-09-20T06:08:36.762Z","","high"
"Nelio Tavares","Deposit","Plants","corn",200,0,"2025-09-20T06:08:43.470Z","","high"
"Nelio Tavares","Deposit","Plants","corn",100,0,"2025-09-20T06:08:46.627Z","","high"
"Nelio Tavares","Deposit","Plants","corn",200,0,"2025-09-20T06:16:23.496Z","","high"
"Nelio Tavares","Deposit","Plants","corn",200,0,"2025-09-20T06:16:26.496Z","","high"
"Nelio Tavares","Deposit","Plants","corn",100,0,"2025-09-20T06:16:29.457Z","","high"
"Johnny Rocks","Deposit","Plants","corn",500,0,"2025-09-20T06:28:45.469Z","","high"
"Johnny Rocks","Deposit","Plants","corn",500,0,"2025-09-20T06:31:03.228Z","","high"
"Johnny Rocks","Withdrawal","Plants","semente_trigo",100,0,"2025-09-20T06:31:17.465Z","","high"
"Thony Gustav","Deposit","Money","Money",0,1000,"2025-09-20T06:51:53.871Z","","high"
"Johnny Rocks","Deposit","Plants","trigo",500,0,"2025-09-20T07:04:04.324Z","","high"
"Johnny Rocks","Withdrawal","Boxes","caixadeverduras",200,0,"2025-09-20T07:05:04.816Z","","high"
"Johnny Rocks","Withdrawal","Boxes","caixadeverduras",200,0,"2025-09-20T07:05:07.204Z","","high"
"Johnny Rocks","Withdrawal","Boxes","caixadeverduras",100,0,"2025-09-20T07:05:10.392Z","","high"
"Johnny Rocks","Deposit","Plants","trigo",210,0,"2025-09-20T07:05:17.626Z","","high"
"Johnny Rocks","Withdrawal","Boxes","caixadeverduras",100,0,"2025-09-20T07:05:22.000Z","","high"
"Thony Gustav","Withdrawal","Plants","corn",200,0,"2025-09-20T07:08:26.108Z","","high"
"Thony Gustav","Withdrawal","Plants","corn",200,0,"2025-09-20T07:08:31.600Z","","high"
"Thony Gustav","Withdrawal","Plants","corn",100,0,"2025-09-20T07:08:37.297Z","","high"
"Thony Gustav","Withdrawal","Plants","trigo",200,0,"2025-09-20T07:10:33.965Z","","high"
"Thony Gustav","Withdrawal","Plants","trigo",50,0,"2025-09-20T07:10:41.967Z","","high"
"Thony Gustav","Withdrawal","Plants","Bulrush",200,0,"2025-09-20T07:10:48.280Z","","high"
"Thony Gustav","Withdrawal","Plants","Bulrush",50,0,"2025-09-20T07:10:52.807Z","","high"
"Thony Gustav","Withdrawal","Boxes","caixarustica",50,0,"2025-09-20T07:11:25.029Z","","high"
"Thony Gustav","Withdrawal","Boxes","caixarustica",25,0,"2025-09-20T07:12:51.627Z","","high"
"Thony Gustav","Withdrawal","Plants","corn",200,0,"2025-09-20T07:13:05.598Z","","high"
"Thony Gustav","Withdrawal","Plants","corn",200,0,"2025-09-20T07:13:10.773Z","","high"
"Thony Gustav","Withdrawal","Plants","corn",100,0,"2025-09-20T07:13:15.926Z","","high"
"Thony Gustav","Withdrawal","Plants","Bulrush",200,0,"2025-09-20T07:14:27.108Z","","high"
"Thony Gustav","Withdrawal","Plants","Bulrush",50,0,"2025-09-20T07:14:31.720Z","","high"
"Thony Gustav","Withdrawal","Plants","trigo",200,0,"2025-09-20T07:14:41.012Z","","high"
"Thony Gustav","Withdrawal","Plants","trigo",50,0,"2025-09-20T07:14:46.421Z","","high"
"Johnny Rocks","Deposit","Money","Money",0,1000,"2025-09-20T07:28:53.181Z","","high"
"Ale Beckham","Withdrawal","Miscellaneous","frangocaipira",2,0,"2025-09-20T07:36:34.458Z","","high"
"Johnny Rocks","Deposit","Plants","trigo",290,0,"2025-09-20T07:38:53.758Z","","high"
"Johnny Rocks","Deposit","Boxes","caixadeverduras",125,0,"2025-09-20T07:51:16.778Z","","high"
"Ale Beckham","Withdrawal","Miscellaneous","saladadefruta",3,0,"2025-09-20T08:07:08.969Z","","high"
"Ale Beckham","Withdrawal","Miscellaneous","Cigarett",1,0,"2025-09-20T08:08:21.176Z","","high"
"Ale Beckham","Withdrawal","Plants","Bulrush_Seed",100,0,"2025-09-20T08:10:34.269Z","","high"
"Ale Beckham","Deposit","Miscellaneous","saladadefruta",2,0,"2025-09-20T08:10:40.314Z","","high"
"Ale Beckham","Deposit","Plants","Bulrush",200,0,"2025-09-20T08:41:55.348Z","","high"
"Ale Beckham","Deposit","Plants","Bulrush",200,0,"2025-09-20T08:42:04.236Z","","high"
"Ale Beckham","Deposit","Plants","Bulrush",100,0,"2025-09-20T08:42:07.841Z","","high"
"Ale Beckham","Deposit","Plants","Bulrush",130,0,"2025-09-20T08:47:48.392Z","","high"
"Ale Beckham","Withdrawal","Plants","cornseed",19,0,"2025-09-20T08:47:54.748Z","","high"
"Ale Beckham","Withdrawal","Plants","semente_trigo",58,0,"2025-09-20T08:47:58.935Z","","high"
"Ale Beckham","Withdrawal","Plants","Bulrush_Seed",13,0,"2025-09-20T08:48:12.026Z","","high"
"Ale Beckham","Withdrawal","Miscellaneous","saladadefruta",2,0,"2025-09-20T08:48:21.124Z","","high"
"Ale Beckham","Withdrawal","Miscellaneous","Cigarett",1,0,"2025-09-20T08:48:27.069Z","","high"
"Santiago Bowdin","Deposit","Miscellaneous","common_portion",100,0,"2025-09-20T09:05:59.745Z","","high"
"Santiago Bowdin","Deposit","Miscellaneous","common_portion_chicken",100,0,"2025-09-20T09:06:01.252Z","","high"
"Santiago Bowdin","Deposit","Miscellaneous","common_portion_donkey",100,0,"2025-09-20T09:06:02.955Z","","high"
"Santiago Bowdin","Deposit","Miscellaneous","common_portion_sheep",170,0,"2025-09-20T09:06:04.627Z","","high"
"Santiago Bowdin","Deposit","Miscellaneous","common_portion_pig",100,0,"2025-09-20T09:06:06.172Z","","high"
"Santiago Bowdin","Deposit","Plants","Bulrush_Seed",500,0,"2025-09-20T09:16:30.585Z","","high"
"Santiago Bowdin","Deposit","Plants","semente_trigo",500,0,"2025-09-20T09:16:32.717Z","","high"
"Santiago Bowdin","Deposit","Plants","Bulrush_Seed",500,0,"2025-09-20T09:16:45.397Z","","high"
"Santiago Bowdin","Deposit","Plants","semente_trigo",500,0,"2025-09-20T09:16:59.773Z","","high"
"Santiago Bowdin","Deposit","Miscellaneous","adubo3",400,0,"2025-09-20T09:17:01.410Z","","high"
"Santiago Bowdin","Deposit","Plants","cornseed",500,0,"2025-09-20T09:17:22.396Z","","high"
"Santiago Bowdin","Deposit","Plants","cornseed",500,0,"2025-09-20T09:17:32.731Z","","high"
"Santiago Bowdin","Withdrawal","Plants","Black_Berry_Seed",4,0,"2025-09-20T09:17:36.575Z","","high"
"Santiago Bowdin","Withdrawal","Plants","Prairie_Poppy_Seed",70,0,"2025-09-20T09:17:40.937Z","","high"
"Santiago Bowdin","Withdrawal","Plants","Bay_Bolete_Seed",70,0,"2025-09-20T09:17:45.541Z","","high"
"Santiago Bowdin","Withdrawal","Miscellaneous","petrevive",1,0,"2025-09-20T09:17:49.652Z","","high"
"Santiago Bowdin","Withdrawal","Miscellaneous","garrafaplasticavazia",71,0,"2025-09-20T09:18:01.364Z","","high"
"Jizar Stoffeliz","Withdrawal","Boxes","caixadeverduras",200,0,"2025-09-20T10:23:58.607Z","","high"
"Jizar Stoffeliz","Withdrawal","Boxes","caixadeverduras",50,0,"2025-09-20T10:24:03.822Z","","high"
"Jizar Stoffeliz","Deposit","Boxes","caixadeverduras",250,0,"2025-09-20T10:24:27.658Z","","high"
"Jizar Stoffeliz","Withdrawal","Boxes","caixadeverduras",200,0,"2025-09-20T10:29:54.843Z","","high"
"Jizar Stoffeliz","Deposit","Boxes","caixadeverduras",200,0,"2025-09-20T10:30:02.229Z","","high"
"Jizar Stoffeliz","Withdrawal","Plants","Bulrush",200,0,"2025-09-20T10:30:26.968Z","","high"
"Jizar Stoffeliz","Withdrawal","Plants","Bulrush",50,0,"2025-09-20T10:30:30.839Z","","high"
"Jizar Stoffeliz","Withdrawal","Plants","trigo",200,0,"2025-09-20T10:30:39.292Z","","high"
"Jizar Stoffeliz","Withdrawal","Plants","trigo",50,0,"2025-09-20T10:30:43.323Z","","high"
"Jizar Stoffeliz","Withdrawal","Boxes","caixarustica",100,0,"2025-09-20T10:30:50.631Z","","high"
"Jizar Stoffeliz","Withdrawal","Plants","corn",200,0,"2025-09-20T10:31:22.959Z","","high"
"Jizar Stoffeliz","Withdrawal","Plants","corn",200,0,"2025-09-20T10:31:26.436Z","","high"
"Jizar Stoffeliz","Withdrawal","Plants","corn",100,0,"2025-09-20T10:31:30.545Z","","high"
"Jizar Stoffeliz","Withdrawal","Plants","Bulrush",200,0,"2025-09-20T10:32:05.501Z","","high"
"Jizar Stoffeliz","Withdrawal","Plants","Bulrush",50,0,"2025-09-20T10:32:08.873Z","","high"
"Jizar Stoffeliz","Withdrawal","Plants","trigo",200,0,"2025-09-20T10:32:14.934Z","","high"
"Jizar Stoffeliz","Withdrawal","Plants","trigo",50,0,"2025-09-20T10:32:18.141Z","","high"
"Jizar Stoffeliz","Withdrawal","Plants","corn",200,0,"2025-09-20T10:32:49.241Z","","high"
"Jizar Stoffeliz","Withdrawal","Plants","corn",200,0,"2025-09-20T10:32:52.736Z","","high"
"Jizar Stoffeliz","Withdrawal","Plants","corn",100,0,"2025-09-20T10:32:56.160Z","","high"
"Jizar Stoffeliz","Deposit","Boxes","caixadeverduras",250,0,"2025-09-20T10:36:41.925Z","","high"
"Jizar Stoffeliz","Withdrawal","Boxes","caixadeverduras",200,0,"2025-09-20T10:36:57.234Z","","high"
"Jizar Stoffeliz","Withdrawal","Boxes","caixadeverduras",200,0,"2025-09-20T10:37:01.296Z","","high"
"Jizar Stoffeliz","Withdrawal","Boxes","caixadeverduras",100,0,"2025-09-20T10:37:06.103Z","","high"
"Jizar Stoffeliz","Deposit","Boxes","caixadeverduras",500,0,"2025-09-20T11:07:16.668Z","","high"
"Jizar Stoffeliz","Withdrawal","Boxes","caixadeverduras",200,0,"2025-09-20T11:10:12.740Z","","high"
"Jizar Stoffeliz","Deposit","Boxes","caixadeverduras",200,0,"2025-09-20T11:10:31.348Z","","high"
"Jizar Stoffeliz","Withdrawal","Boxes","caixadeverduras",200,0,"2025-09-20T11:10:46.709Z","","high"
"Jizar Stoffeliz","Deposit","Boxes","caixadeverduras",200,0,"2025-09-20T11:10:52.538Z","","high"
"Jizar Stoffeliz","Withdrawal","Boxes","caixadeverduras",200,0,"2025-09-20T11:10:59.627Z","","high"
"Jizar Stoffeliz","Withdrawal","Boxes","caixadeverduras",200,0,"2025-09-20T11:11:04.265Z","","high"
"Jizar Stoffeliz","Withdrawal","Boxes","caixadeverduras",100,0,"2025-09-20T11:11:08.476Z","","high"
"Jizar Stoffeliz","Deposit","Money","Money",0,1000,"2025-09-20T11:35:46.766Z","","high"
"Jizar Stoffeliz","Deposit","Plants","trigo",10,0,"2025-09-20T12:43:32.206Z","","high"
"Santiago Bowdin","Withdrawal","Boxes","caixarustica",150,0,"2025-09-20T13:12:33.298Z","","high"
"Jizar Stoffeliz","Withdrawal","Plants","semente_trigo",200,0,"2025-09-20T15:14:19.503Z","","high"
"Jizar Stoffeliz","Deposit","Boxes","caixadeverduras",168,0,"2025-09-20T15:39:22.769Z","","high"
"Jizar Stoffeliz","Deposit","Boxes","caixaanimal",189,0,"2025-09-20T15:39:25.264Z","","high"
"Lenore Bianchi Bowdin","Deposit","Boxes","caixadeverduras",100,0,"2025-09-20T16:07:30.273Z","","high"
"John Weslley","Withdrawal","Plants","cornseed",200,0,"2025-09-20T16:18:39.250Z","","high"
"John Weslley","Withdrawal","Miscellaneous","common_portion_goat",16,0,"2025-09-20T16:21:12.868Z","","high"
"Jizar Stoffeliz","Deposit","Plants","trigo",500,0,"2025-09-20T16:28:39.583Z","","high"
"Jizar Stoffeliz","Deposit","Plants","trigo",500,0,"2025-09-20T16:30:43.301Z","","high"
"Jizar Stoffeliz","Deposit","Plants","trigo",190,0,"2025-09-20T16:31:53.777Z","","high"
"Jizar Stoffeliz","Deposit","Plants","trigo",40,0,"2025-09-20T17:03:00.624Z","","high"
"Jizar Stoffeliz","Deposit","Plants","semente_trigo",77,0,"2025-09-20T17:03:04.800Z","","high"
"Bartholomeu Dias","Withdrawal","Money","Money",0,750,"2025-09-20T17:10:19.928Z","","high"
"Thony Gustav","Withdrawal","Plants","cornseed",50,0,"2025-09-20T17:11:02.117Z","","high"
"Thony Gustav","Deposit","Plants","cornseed",50,0,"2025-09-20T17:11:11.223Z","","high"
"John Weslley","Withdrawal","Miscellaneous","common_portion_goat",12,0,"2025-09-20T17:13:08.900Z","","high"
"Thony Gustav","Withdrawal","Miscellaneous","frangocaipira",5,0,"2025-09-20T17:22:58.386Z","","high"
"Chris Rubble","Withdrawal","Plants","trigo",200,0,"2025-09-20T17:34:55.288Z","","high"
"Chris Rubble","Withdrawal","Plants","trigo",50,0,"2025-09-20T17:34:59.486Z","","high"
"Chris Rubble","Withdrawal","Plants","Bulrush",200,0,"2025-09-20T17:35:04.626Z","","high"
"Chris Rubble","Withdrawal","Plants","Bulrush",200,0,"2025-09-20T17:36:43.120Z","","high"
"Chris Rubble","Withdrawal","Plants","Bulrush",50,0,"2025-09-20T17:36:47.553Z","","high"
"Chris Rubble","Withdrawal","Boxes","caixarustica",85,0,"2025-09-20T17:37:43.226Z","","high"
"Chris Rubble","Withdrawal","Plants","corn",200,0,"2025-09-20T17:38:06.240Z","","high"
"Chris Rubble","Withdrawal","Plants","corn",200,0,"2025-09-20T17:38:09.711Z","","high"
"Chris Rubble","Withdrawal","Plants","corn",200,0,"2025-09-20T17:38:12.976Z","","high"
"Chris Rubble","Withdrawal","Plants","corn",100,0,"2025-09-20T17:38:16.700Z","","high"
"Chris Rubble","Withdrawal","Plants","Bulrush",200,0,"2025-09-20T17:38:43.384Z","","high"
"Chris Rubble","Withdrawal","Plants","Bulrush",50,0,"2025-09-20T17:38:47.335Z","","high"
"Chris Rubble","Withdrawal","Plants","trigo",200,0,"2025-09-20T17:38:51.734Z","","high"
"Chris Rubble","Withdrawal","Plants","trigo",50,0,"2025-09-20T17:38:55.510Z","","high"
"Chris Rubble","Withdrawal","Plants","corn",200,0,"2025-09-20T17:39:20.807Z","","high"
"Chris Rubble","Withdrawal","Plants","corn",200,0,"2025-09-20T17:39:24.191Z","","high"
"Chris Rubble","Withdrawal","Plants","corn",100,0,"2025-09-20T17:39:27.758Z","","high"
"Chris Rubble","Withdrawal","Boxes","caixadeverduras",200,0,"2025-09-20T17:40:03.220Z","","high"
"Chris Rubble","Withdrawal","Boxes","caixadeverduras",50,0,"2025-09-20T17:40:07.387Z","","high"
"John Weslley","Deposit","Plants","corn",200,0,"2025-09-20T17:46:50.159Z","","high"
"John Weslley","Deposit","Plants","corn",200,0,"2025-09-20T17:46:56.432Z","","high"
"John Weslley","Deposit","Plants","corn",100,0,"2025-09-20T17:47:00.180Z","","high"
"John Weslley","Deposit","Plants","corn",200,0,"2025-09-20T17:48:37.826Z","","high"
"John Weslley","Deposit","Plants","corn",200,0,"2025-09-20T17:48:41.392Z","","high"
"John Weslley","Deposit","Plants","corn",100,0,"2025-09-20T17:48:45.766Z","","high"
"John Weslley","Deposit","Plants","corn",200,0,"2025-09-20T17:50:41.979Z","","high"
"John Weslley","Deposit","Plants","corn",200,0,"2025-09-20T17:50:45.414Z","","high"
"John Weslley","Deposit","Plants","corn",100,0,"2025-09-20T17:50:49.138Z","","high"
"John Weslley","Deposit","Plants","corn",200,0,"2025-09-20T17:52:37.387Z","","high"
"John Weslley","Deposit","Plants","corn",200,0,"2025-09-20T17:52:42.125Z","","high"
"John Weslley","Deposit","Plants","corn",100,0,"2025-09-20T17:52:46.018Z","","high"
"John Weslley","Deposit","Plants","corn",200,0,"2025-09-20T17:56:35.101Z","","high"
"John Weslley","Deposit","Plants","corn",200,0,"2025-09-20T17:56:38.810Z","","high"
"John Weslley","Deposit","Plants","corn",100,0,"2025-09-20T17:56:42.668Z","","high"
"John Weslley","Deposit","Plants","corn",200,0,"2025-09-20T17:58:23.998Z","","high"
"John Weslley","Deposit","Plants","corn",200,0,"2025-09-20T17:58:29.941Z","","high"
"John Weslley","Deposit","Plants","corn",100,0,"2025-09-20T17:58:33.648Z","","high"
"John Weslley","Deposit","Plants","corn",200,0,"2025-09-20T18:00:29.849Z","","high"
"John Weslley","Deposit","Plants","corn",200,0,"2025-09-20T18:00:33.192Z","","high"
"John Weslley","Deposit","Plants","corn",100,0,"2025-09-20T18:00:37.390Z","","high"
"John Weslley","Deposit","Plants","corn",200,0,"2025-09-20T18:02:38.272Z","","high"
"John Weslley","Deposit","Plants","corn",200,0,"2025-09-20T18:02:42.593Z","","high"
"John Weslley","Deposit","Plants","corn",100,0,"2025-09-20T18:02:47.440Z","","high"
"Chris Rubble","Deposit","Money","Money",0,1000,"2025-09-20T18:13:40.393Z","","high"
"Chris Rubble","Withdrawal","Plants","corn",200,0,"2025-09-20T18:16:44.677Z","","high"
"Chris Rubble","Withdrawal","Plants","corn",200,0,"2025-09-20T18:16:48.096Z","","high"
"Chris Rubble","Withdrawal","Plants","corn",200,0,"2025-09-20T18:28:18.504Z","","high"
"Chris Rubble","Withdrawal","Plants","corn",100,0,"2025-09-20T18:28:22.435Z","","high"
"Chris Rubble","Withdrawal","Plants","Bulrush",200,0,"2025-09-20T18:28:47.376Z","","high"
"Chris Rubble","Withdrawal","Plants","Bulrush",50,0,"2025-09-20T18:28:51.081Z","","high"
"Chris Rubble","Withdrawal","Plants","trigo",200,0,"2025-09-20T18:28:55.811Z","","high"
"Chris Rubble","Withdrawal","Plants","trigo",50,0,"2025-09-20T18:28:59.704Z","","high"
"Chris Rubble","Withdrawal","Plants","corn",20,0,"2025-09-20T18:33:24.092Z","","high"
"Chris Rubble","Withdrawal","Plants","corn",180,0,"2025-09-20T18:33:27.941Z","","high"
"Chris Rubble","Withdrawal","Plants","corn",200,0,"2025-09-20T18:33:31.254Z","","high"
"Chris Rubble","Withdrawal","Plants","corn",100,0,"2025-09-20T18:33:34.966Z","","high"
"Chris Rubble","Withdrawal","Plants","Bulrush",200,0,"2025-09-20T18:33:58.557Z","","high"
"Chris Rubble","Withdrawal","Plants","trigo",200,0,"2025-09-20T18:34:04.960Z","","high"
"Chris Rubble","Withdrawal","Plants","trigo",50,0,"2025-09-20T18:34:07.991Z","","high"
"Chris Rubble","Withdrawal","Plants","Bulrush",50,0,"2025-09-20T18:34:13.227Z","","high"
"Chris Rubble","Withdrawal","Plants","Bulrush",200,0,"2025-09-20T18:35:14.001Z","","high"
"Chris Rubble","Withdrawal","Plants","trigo",200,0,"2025-09-20T18:35:19.367Z","","high"
"Chris Rubble","Withdrawal","Plants","trigo",5,0,"2025-09-20T18:35:22.834Z","","high"
"Chris Rubble","Withdrawal","Plants","trigo",45,0,"2025-09-20T18:35:28.159Z","","high"
"Chris Rubble","Withdrawal","Plants","Bulrush",50,0,"2025-09-20T18:35:31.244Z","","high"
"Chris Rubble","Withdrawal","Plants","corn",200,0,"2025-09-20T18:36:08.827Z","","high"
"Chris Rubble","Withdrawal","Plants","corn",200,0,"2025-09-20T18:36:12.289Z","","high"
"Chris Rubble","Withdrawal","Plants","corn",100,0,"2025-09-20T18:36:22.080Z","","high"
"Chris Rubble","Withdrawal","Plants","trigo",200,0,"2025-09-20T18:37:20.410Z","","high"
"Chris Rubble","Withdrawal","Plants","trigo",50,0,"2025-09-20T18:37:24.362Z","","high"
"Chris Rubble","Withdrawal","Plants","Bulrush",200,0,"2025-09-20T18:37:29.005Z","","high"
"Chris Rubble","Withdrawal","Plants","Bulrush",50,0,"2025-09-20T18:37:32.309Z","","high"
"Chris Rubble","Withdrawal","Plants","corn",200,0,"2025-09-20T18:37:58.875Z","","high"
"Chris Rubble","Withdrawal","Plants","corn",200,0,"2025-09-20T18:38:02.322Z","","high"
"Chris Rubble","Withdrawal","Plants","corn",100,0,"2025-09-20T18:38:05.869Z","","high"
"Thony Gustav","Deposit","Money","Money",0,500,"2025-09-20T18:51:09.527Z","","high"
"Souzz Ramirez","Withdrawal","Miscellaneous","hoe",1,0,"2025-09-20T19:27:15.857Z","","high"
"Souzz Ramirez","Withdrawal","Plants","semente_trigo",100,0,"2025-09-20T19:27:20.236Z","","high"
"Thony Gustav","Withdrawal","Plants","corn",200,0,"2025-09-20T19:51:03.163Z","","high"
"Thony Gustav","Withdrawal","Plants","corn",200,0,"2025-09-20T19:51:12.446Z","","high"
"Thony Gustav","Withdrawal","Plants","corn",100,0,"2025-09-20T19:51:22.582Z","","high"
"Thony Gustav","Withdrawal","Boxes","caixarustica",100,0,"2025-09-20T19:51:32.804Z","","high"
"Thony Gustav","Withdrawal","Boxes","caixarustica",50,0,"2025-09-20T19:51:39.318Z","","high"
"Souzz Ramirez","Deposit","Plants","semente_trigo",30,0,"2025-09-20T19:56:34.037Z","","high"
"Souzz Ramirez","Deposit","Miscellaneous","hoe",1,0,"2025-09-20T20:01:37.300Z","","high"
"Souzz Ramirez","Withdrawal","Miscellaneous","Cigarett",4,0,"2025-09-20T20:01:42.387Z","","high"
"Souzz Ramirez","Deposit","Plants","trigo",500,0,"2025-09-20T20:12:13.601Z","","high"
"Souzz Ramirez","Withdrawal","Plants","corn",200,0,"2025-09-20T20:13:05.453Z","","high"
"Souzz Ramirez","Withdrawal","Boxes","caixarustica",10,0,"2025-09-20T20:13:09.809Z","","high"
"Souzz Ramirez","Withdrawal","Plants","Bulrush",100,0,"2025-09-20T20:13:12.705Z","","high"
"Souzz Ramirez","Deposit","Boxes","caixadeverduras",50,0,"2025-09-20T20:13:55.609Z","","high"
"Souzz Ramirez","Withdrawal","Boxes","caixarustica",10,0,"2025-09-20T20:14:00.351Z","","high"
"Souzz Ramirez","Withdrawal","Plants","Bulrush",100,0,"2025-09-20T20:14:03.094Z","","high"
"Souzz Ramirez","Withdrawal","Plants","corn",200,0,"2025-09-20T20:14:05.557Z","","high"
"Souzz Ramirez","Deposit","Boxes","caixadeverduras",50,0,"2025-09-20T20:14:49.016Z","","high"
"Souzz Ramirez","Withdrawal","Plants","Bulrush",100,0,"2025-09-20T20:14:51.390Z","","high"
"Souzz Ramirez","Withdrawal","Boxes","caixarustica",10,0,"2025-09-20T20:14:54.262Z","","high"
"Souzz Ramirez","Withdrawal","Plants","corn",200,0,"2025-09-20T20:14:57.185Z","","high"
"Souzz Ramirez","Withdrawal","Plants","trigo",200,0,"2025-09-20T20:15:00.501Z","","high"
"Souzz Ramirez","Deposit","Boxes","caixadeverduras",50,0,"2025-09-20T20:15:40.912Z","","high"
"Souzz Ramirez","Withdrawal","Plants","trigo",100,0,"2025-09-20T20:15:43.223Z","","high"
"Souzz Ramirez","Withdrawal","Boxes","caixarustica",10,0,"2025-09-20T20:15:47.398Z","","high"
"Souzz Ramirez","Withdrawal","Plants","Bulrush",100,0,"2025-09-20T20:15:50.849Z","","high"
"Souzz Ramirez","Withdrawal","Plants","corn",200,0,"2025-09-20T20:15:55.639Z","","high"
"Souzz Ramirez","Deposit","Boxes","caixadeverduras",50,0,"2025-09-20T20:16:36.016Z","","high"
"Souzz Ramirez","Withdrawal","Plants","corn",200,0,"2025-09-20T20:16:38.425Z","","high"
"Souzz Ramirez","Withdrawal","Plants","Bulrush",10,0,"2025-09-20T20:16:40.934Z","","high"
"Souzz Ramirez","Withdrawal","Plants","Bulrush",90,0,"2025-09-20T20:16:44.252Z","","high"
"Souzz Ramirez","Withdrawal","Boxes","caixarustica",10,0,"2025-09-20T20:16:46.864Z","","high"
"Souzz Ramirez","Deposit","Boxes","caixadeverduras",50,0,"2025-09-20T20:17:25.888Z","","high"
"Souzz Ramirez","Withdrawal","Boxes","caixarustica",10,0,"2025-09-20T20:17:28.974Z","","high"
"Souzz Ramirez","Withdrawal","Plants","Bulrush",100,0,"2025-09-20T20:17:31.742Z","","high"
"Souzz Ramirez","Withdrawal","Plants","corn",200,0,"2025-09-20T20:17:35.660Z","","high"
"Souzz Ramirez","Withdrawal","Plants","trigo",200,0,"2025-09-20T20:17:38.688Z","","high"
"Souzz Ramirez","Deposit","Boxes","caixadeverduras",50,0,"2025-09-20T20:18:23.616Z","","high"
"Souzz Ramirez","Withdrawal","Plants","trigo",100,0,"2025-09-20T20:18:26.077Z","","high"
"Souzz Ramirez","Withdrawal","Plants","corn",200,0,"2025-09-20T20:18:30.033Z","","high"
"Souzz Ramirez","Withdrawal","Plants","Bulrush",100,0,"2025-09-20T20:18:32.964Z","","high"
"Souzz Ramirez","Withdrawal","Boxes","caixarustica",10,0,"2025-09-20T20:18:35.458Z","","high"
"Souzz Ramirez","Deposit","Boxes","caixadeverduras",50,0,"2025-09-20T20:19:14.660Z","","high"
"Souzz Ramirez","Withdrawal","Plants","Bulrush",100,0,"2025-09-20T20:19:18.314Z","","high"
"Souzz Ramirez","Withdrawal","Plants","corn",200,0,"2025-09-20T20:19:21.746Z","","high"
"Souzz Ramirez","Withdrawal","Boxes","caixarustica",10,0,"2025-09-20T20:19:24.218Z","","high"
"Souzz Ramirez","Withdrawal","Boxes","caixadeverduras",200,0,"2025-09-20T20:20:17.471Z","","high"
"Souzz Ramirez","Withdrawal","Boxes","caixadeverduras",200,0,"2025-09-20T20:20:20.170Z","","high"
"Souzz Ramirez","Withdrawal","Boxes","caixadeverduras",50,0,"2025-09-20T20:20:23.017Z","","high"
"Thony Gustav","Withdrawal","Miscellaneous","common_portion_chicken",10,0,"2025-09-20T20:21:08.195Z","","high"
"Cherokee Bill","Withdrawal","Boxes","caixadeverduras",44,0,"2025-09-20T20:40:14.699Z","","high"
"Cherokee Bill","Withdrawal","Plants","Bulrush_Seed",200,0,"2025-09-20T20:40:29.542Z","","high"
"Cherokee Bill","Withdrawal","Plants","Bulrush_Seed",50,0,"2025-09-20T20:40:33.478Z","","high"
"Cherokee Bill","Withdrawal","Plants","cornseed",200,0,"2025-09-20T20:40:37.388Z","","high"
"Cherokee Bill","Withdrawal","Plants","cornseed",50,0,"2025-09-20T20:40:40.718Z","","high"
"Cherokee Bill","Deposit","Plants","Bulrush_Seed",250,0,"2025-09-20T20:42:20.953Z","","high"
"Cherokee Bill","Deposit","Plants","cornseed",250,0,"2025-09-20T20:42:23.282Z","","high"
"Cherokee Bill","Deposit","Boxes","caixadeverduras",44,0,"2025-09-20T20:42:31.656Z","","high"
"Nathy Miller","Deposit","Plants","trigo",120,0,"2025-09-20T20:44:39.708Z","","high"
"Nathy Miller","Withdrawal","Plants","semente_trigo",200,0,"2025-09-20T20:45:00.735Z","","high"
"Vitorn Stoffeliz","Deposit","Miscellaneous","adubo3",425,0,"2025-09-20T20:46:21.432Z","","high"
"Souzz Ramirez","Deposit","Money","Money",0,1000,"2025-09-20T20:56:12.578Z","","high"
"Izzynha Evans","Withdrawal","Miscellaneous","Cigarett",2,0,"2025-09-20T21:21:50.770Z","","high"
"Jizar Stoffeliz","Deposit","Plants","Black_Berry_Seed",100,0,"2025-09-20T21:23:13.654Z","","high"
"Jizar Stoffeliz","Deposit","Plants","Crows_Garlic_Seed",500,0,"2025-09-20T21:23:19.721Z","","high"
"Jizar Stoffeliz","Deposit","Plants","Parasol_Mushroom_Seed",200,0,"2025-09-20T21:23:23.812Z","","high"
"Jizar Stoffeliz","Deposit","Plants","Black_Currant_Seed",500,0,"2025-09-20T21:23:28.563Z","","high"
"Jizar Stoffeliz","Deposit","Plants","Oleander_Sage_Seed",200,0,"2025-09-20T21:23:32.892Z","","high"
"Jizar Stoffeliz","Deposit","Plants","coffeeseeds",200,0,"2025-09-20T21:23:36.726Z","","high"
"Jizar Stoffeliz","Deposit","Plants","Oregano_Seed",200,0,"2025-09-20T21:23:40.838Z","","high"
"Jizar Stoffeliz","Deposit","Plants","Black_Berry_Seed",400,0,"2025-09-20T21:24:46.994Z","","high"
"Jizar Stoffeliz","Deposit","Plants","Red_Raspberry_Seed",500,0,"2025-09-20T21:24:51.229Z","","high"
"Jizar Stoffeliz","Deposit","Plants","Prairie_Poppy_Seed",500,0,"2025-09-20T21:24:55.287Z","","high"
"Sofia Lua","Withdrawal","Plants","semente_trigo",50,0,"2025-09-20T21:28:05.445Z","","high"
"Sofia Lua","Withdrawal","Miscellaneous","hoe",1,0,"2025-09-20T21:28:51.763Z","","high"
"Nathy Miller","Withdrawal","Miscellaneous","common_portion",4,0,"2025-09-20T21:43:18.703Z","","high"
"Nathy Miller","Withdrawal","Miscellaneous","common_portion_donkey",4,0,"2025-09-20T21:43:59.115Z","","high"
"Nathy Miller","Deposit","Miscellaneous","common_portion",4,0,"2025-09-20T21:44:01.785Z","","high"
"Johnny Rocks","Deposit","Miscellaneous","sucodelemon",30,0,"2025-09-20T21:57:39.668Z","","high"
"Nathy Miller","Withdrawal","Miscellaneous","common_portion_donkey",4,0,"2025-09-20T21:58:23.644Z","","high"
"Nathy Miller","Withdrawal","Miscellaneous","common_portion_donkey",4,0,"2025-09-20T22:33:32.015Z","","high"
"Sofia Lua","Deposit","Plants","trigo",500,0,"2025-09-20T22:37:14.729Z","","high"
"Nina Vatore","Withdrawal","Miscellaneous","common_portion_donkey",10,0,"2025-09-20T22:37:57.054Z","","high"
"Nathy Miller","Withdrawal","Plants","Bulrush",1,0,"2025-09-20T22:45:58.226Z","","high"
"Bartholomeu Dias","Withdrawal","Miscellaneous","satchel",16,0,"2025-09-20T22:55:26.350Z","","high"
"Florencio Laffon","Withdrawal","Plants","semente_trigo",100,0,"2025-09-20T22:59:04.979Z","","high"
"Florencio Laffon","Withdrawal","Miscellaneous","hoe",1,0,"2025-09-20T22:59:07.898Z","","high"
"Mixel Laffon","Withdrawal","Miscellaneous","hoe",1,0,"2025-09-20T22:59:42.895Z","","high"
"Mixel Laffon","Withdrawal","Plants","semente_trigo",100,0,"2025-09-20T22:59:58.029Z","","high"
"Thomas Shelby","Withdrawal","Miscellaneous","adubo3",100,0,"2025-09-20T23:00:34.433Z","","high"
"Thomas Shelby","Withdrawal","Miscellaneous","hoe",1,0,"2025-09-20T23:00:45.410Z","","high"
"Thomas Shelby","Withdrawal","Miscellaneous","Pickaxe",1,0,"2025-09-20T23:00:50.270Z","","high"
"Biel Silva","Withdrawal","Plants","corn",100,0,"2025-09-20T23:03:53.492Z","","high"
"Biel Silva","Withdrawal","Miscellaneous","hoe",1,0,"2025-09-20T23:04:01.481Z","","high"
"Bartholomeu Dias","Withdrawal","Money","Money",0,160,"2025-09-20T23:04:29.341Z","","high"
"Nathy Miller","Deposit","Plants","trigo",500,0,"2025-09-20T23:08:16.271Z","","high"
"Thomas Shelby","Deposit","Miscellaneous","adubo3",100,0,"2025-09-20T23:11:17.198Z","","high"
"Thomas Shelby","Withdrawal","Plants","cornseed",100,0,"2025-09-20T23:11:39.857Z","","high"
"Nathy Miller","Deposit","Plants","trigo",500,0,"2025-09-20T23:12:00.451Z","","high"
"Sasa Pietra","Withdrawal","Miscellaneous","common_portion_chicken",8,0,"2025-09-20T23:12:26.888Z","","high"
"Nathy Miller","Deposit","Plants","Bulrush",1,0,"2025-09-20T23:12:38.469Z","","high"
"Nathy Miller","Deposit","Plants","trigo",500,0,"2025-09-20T23:19:32.456Z","","high"
"Ale Beckham","Deposit","Plants","Bulrush",180,0,"2025-09-20T23:23:41.398Z","","high"
"Ale Beckham","Deposit","Plants","corn",190,0,"2025-09-20T23:23:44.647Z","","high"
"Ale Beckham","Deposit","Plants","trigo",200,0,"2025-09-20T23:23:54.427Z","","high"
"Ale Beckham","Deposit","Plants","trigo",150,0,"2025-09-20T23:24:03.720Z","","high"
"Ale Beckham","Deposit","Plants","trigo",60,0,"2025-09-20T23:24:06.984Z","","high"
"Nathy Miller","Deposit","Plants","trigo",500,0,"2025-09-20T23:24:26.142Z","","high"
"Biel Silva","Deposit","Plants","corn",100,0,"2025-09-20T23:24:54.320Z","","high"
"Biel Silva","Withdrawal","Plants","cornseed",100,0,"2025-09-20T23:25:21.983Z","","high"
"Florencio Laffon","Withdrawal","Miscellaneous","sucodelemon",5,0,"2025-09-20T23:26:20.962Z","","high"
"Souzz Ramirez","Withdrawal","Miscellaneous","sucodelemon",9,0,"2025-09-20T23:29:01.020Z","","high"
"Santiago Bowdin","Deposit","Boxes","caixaanimal",500,0,"2025-09-20T23:42:22.689Z","","high"
"Santiago Bowdin","Deposit","Boxes","caixaanimal",500,0,"2025-09-20T23:42:50.205Z","","high"
"Santiago Bowdin","Withdrawal","Money","Money",0,2000,"2025-09-20T23:42:59.420Z","","high"
"Bartholomeu Dias","Withdrawal","Boxes","caixaanimal",200,0,"2025-09-20T23:43:26.484Z","","high"
"Bartholomeu Dias","Withdrawal","Boxes","caixaanimal",200,0,"2025-09-20T23:43:30.038Z","","high"
"Bartholomeu Dias","Withdrawal","Boxes","caixaanimal",100,0,"2025-09-20T23:43:33.460Z","","high"
"Jubiscleia Gilbert","Withdrawal","Boxes","caixaanimal",200,0,"2025-09-20T23:45:56.136Z","","high"
"Jubiscleia Gilbert","Withdrawal","Boxes","caixaanimal",200,0,"2025-09-20T23:46:02.603Z","","high"
"Jubiscleia Gilbert","Withdrawal","Boxes","caixaanimal",100,0,"2025-09-20T23:46:07.285Z","","high"
"Nathy Miller","Deposit","Plants","trigo",480,0,"2025-09-20T23:53:05.320Z","","high"
"Nathy Miller","Deposit","Plants","semente_trigo",20,0,"2025-09-20T23:53:07.988Z","","high"
"Quase Nada","Deposit","Miscellaneous","common_portion",10,0,"2025-09-21T00:09:34.680Z","","high"
"Quase Nada","Withdrawal","Miscellaneous","hoe",1,0,"2025-09-21T00:09:39.044Z","","high"
"Quase Nada","Withdrawal","Plants","semente_trigo",60,0,"2025-09-21T00:10:01.311Z","","high"
"Biel Silva","Deposit","Plants","corn",100,0,"2025-09-21T00:18:06.047Z","","high"
"Biel Silva","Deposit","Plants","corn",100,0,"2025-09-21T00:18:21.772Z","","high"
"Biel Silva","Deposit","Plants","corn",100,0,"2025-09-21T00:18:30.489Z","","high"
"Biel Silva","Deposit","Plants","corn",100,0,"2025-09-21T00:18:38.122Z","","high"
"Biel Silva","Deposit","Plants","corn",100,0,"2025-09-21T00:18:44.224Z","","high"
"Biel Silva","Deposit","Plants","corn",100,0,"2025-09-21T00:23:35.622Z","","high"
"Biel Silva","Deposit","Plants","corn",100,0,"2025-09-21T00:23:40.977Z","","high"
"Biel Silva","Deposit","Plants","corn",100,0,"2025-09-21T00:23:46.154Z","","high"
"Biel Silva","Deposit","Plants","corn",100,0,"2025-09-21T00:23:51.572Z","","high"
"Biel Silva","Deposit","Plants","corn",100,0,"2025-09-21T00:23:56.831Z","","high"
"Quase Nada","Withdrawal","Miscellaneous","hoe",1,0,"2025-09-21T00:27:54.499Z","","high"
"Quase Nada","Withdrawal","Plants","semente_trigo",20,0,"2025-09-21T00:27:59.782Z","","high"
"Nathy Miller","Deposit","Plants","trigo",20,0,"2025-09-21T00:43:01.328Z","","high"
"Nathy Miller","Withdrawal","Plants","semente_trigo",50,0,"2025-09-21T00:43:49.205Z","","high"
"Quase Nada","Withdrawal","Plants","Bulrush_Seed",30,0,"2025-09-21T00:44:21.229Z","","high"
"Quase Nada","Withdrawal","Plants","Bulrush_Seed",10,0,"2025-09-21T00:44:27.549Z","","high"
"Quase Nada","Withdrawal","Plants","Bulrush_Seed",10,0,"2025-09-21T00:44:39.074Z","","high"
"Quase Nada","Withdrawal","Plants","Bulrush_Seed",10,0,"2025-09-21T00:44:45.463Z","","high"
"Quase Nada","Withdrawal","Plants","cornseed",10,0,"2025-09-21T00:44:54.307Z","","high"
"Nathy Miller","Withdrawal","Plants","cornseed",100,0,"2025-09-21T00:53:38.344Z","","high"
"Quase Nada","Deposit","Plants","trigo",100,0,"2025-09-21T00:54:31.604Z","","high"
"Quase Nada","Deposit","Plants","trigo",200,0,"2025-09-21T00:54:35.376Z","","high"
"Quase Nada","Deposit","Plants","trigo",200,0,"2025-09-21T00:54:38.321Z","","high"
"Quase Nada","Deposit","Plants","trigo",190,0,"2025-09-21T00:56:53.266Z","","high"
"Quase Nada","Deposit","Plants","trigo",100,0,"2025-09-21T00:56:56.605Z","","high"
"Quase Nada","Deposit","Miscellaneous","hoe",1,0,"2025-09-21T00:57:01.092Z","","high"
"Nathy Miller","Withdrawal","Miscellaneous","Carvao",10,0,"2025-09-21T01:05:24.352Z","","high"
"Nathy Miller","Withdrawal","Miscellaneous","adubo3",100,0,"2025-09-21T01:15:02.228Z","","high"
"Chris Rubble","Deposit","Boxes","caixadeverduras",500,0,"2025-09-21T01:24:07.669Z","","high"
"Chris Rubble","Deposit","Miscellaneous","fibras",340,0,"2025-09-21T01:24:56.866Z","","high"
"Nathy Miller","Deposit","Plants","trigo",500,0,"2025-09-21T01:44:37.107Z","","high"
"Nathy Miller","Withdrawal","Plants","semente_trigo",10,0,"2025-09-21T01:47:46.218Z","","high"
"Nathy Miller","Deposit","Plants","trigo",500,0,"2025-09-21T02:07:46.118Z","","high"
"Nathy Miller","Deposit","Plants","corn",490,0,"2025-09-21T02:21:18.069Z","","high"
"Nathy Miller","Deposit","Plants","corn",10,0,"2025-09-21T02:24:28.562Z","","high"
"Bonnie Bennett","Withdrawal","Plants","semente_trigo",100,0,"2025-09-21T02:26:34.305Z","","high"
"Nathy Miller","Deposit","Plants","corn",500,0,"2025-09-21T02:29:29.295Z","","high"
"Nathy Miller","Deposit","Plants","corn",500,0,"2025-09-21T02:33:28.376Z","","high"
"Nathy Miller","Withdrawal","Plants","cornseed",10,0,"2025-09-21T02:34:41.705Z","","high"
"Izzynha Evans","Withdrawal","Boxes","caixadeverduras",100,0,"2025-09-21T02:41:33.971Z","","high"
"Izzynha Evans","Withdrawal","Boxes","caixadeverduras",150,0,"2025-09-21T02:43:34.309Z","","high"
"Bonnie Bennett","Withdrawal","Miscellaneous","common_portion_chicken",8,0,"2025-09-21T02:47:27.591Z","","high"
"Nathy Miller","Withdrawal","Plants","cornseed",50,0,"2025-09-21T02:59:38.039Z","","high"
"Bonnie Bennett","Deposit","Plants","trigo",500,0,"2025-09-21T03:05:37.942Z","","high"
"Bonnie Bennett","Deposit","Plants","trigo",500,0,"2025-09-21T03:09:29.022Z","","high"
"Zeca Trindade","Withdrawal","Miscellaneous","sucodelemon",5,0,"2025-09-21T03:34:07.402Z","","high"
"Izzynha Evans","Withdrawal","Boxes","caixaanimal",189,0,"2025-09-21T03:56:41.402Z","","high"
"Izzynha Evans","Deposit","Boxes","caixaanimal",89,0,"2025-09-21T03:58:51.420Z","","high"
"Thony Gustav","Deposit","Money","Money",0,3500,"2025-09-21T04:00:18.151Z","","high"
"Thony Gustav","Deposit","Boxes","caixaanimal",200,0,"2025-09-21T04:05:48.220Z","","high"
"Thony Gustav","Deposit","Boxes","caixaanimal",50,0,"2025-09-21T04:05:54.281Z","","high"
"Izzynha Evans","Withdrawal","Miscellaneous","Cigarett",2,0,"2025-09-21T04:06:19.034Z","","high"
"Nathy Miller","Deposit","Plants","corn",500,0,"2025-09-21T04:09:20.355Z","","high"
"Nathy Miller","Deposit","Plants","cornseed",18,0,"2025-09-21T04:10:03.847Z","","high"
"Nathy Miller","Deposit","Plants","corn",20,0,"2025-09-21T04:11:04.238Z","","high"
"Izzynha Evans","Withdrawal","Boxes","caixadeverduras",294,0,"2025-09-21T04:14:37.527Z","","high"
"Izzynha Evans","Deposit","Boxes","caixadeverduras",44,0,"2025-09-21T04:14:48.765Z","","high"
"Thony Gustav","Withdrawal","Money","Money",0,1380.25,"2025-09-21T04:15:15.417Z","","high"
"Thony Gustav","Deposit","Money","Money",0,500,"2025-09-21T04:38:15.450Z","","high"
"Izzynha Evans","Withdrawal","Plants","cornseed",200,0,"2025-09-21T04:41:53.116Z","","high"
"Izzynha Evans","Deposit","Plants","cornseed",200,0,"2025-09-21T04:42:15.954Z","","high"
"Izzynha Evans","Withdrawal","Plants","corn",200,0,"2025-09-21T04:42:33.361Z","","high"
"Izzynha Evans","Withdrawal","Plants","corn",200,0,"2025-09-21T04:42:37.537Z","","high"
"Izzynha Evans","Withdrawal","Plants","corn",100,0,"2025-09-21T04:42:43.355Z","","high"
"Thony Gustav","Withdrawal","Plants","trigo",200,0,"2025-09-21T04:43:09.371Z","","high"
"Thony Gustav","Withdrawal","Plants","trigo",50,0,"2025-09-21T04:43:15.623Z","","high"
"Thony Gustav","Withdrawal","Plants","Bulrush",200,0,"2025-09-21T04:43:27.489Z","","high"
"Thony Gustav","Withdrawal","Plants","Bulrush",50,0,"2025-09-21T04:43:31.914Z","","high"
"Izzynha Evans","Deposit","Plants","corn",200,0,"2025-09-21T04:44:05.795Z","","high"
"Izzynha Evans","Deposit","Plants","corn",300,0,"2025-09-21T04:44:11.414Z","","high"
"Thony Gustav","Withdrawal","Plants","corn",200,0,"2025-09-21T04:46:47.069Z","","high"
"Thony Gustav","Withdrawal","Plants","corn",200,0,"2025-09-21T04:46:52.536Z","","high"
"Thony Gustav","Withdrawal","Plants","corn",100,0,"2025-09-21T04:47:02.238Z","","high"
"Thony Gustav","Withdrawal","Plants","trigo",200,0,"2025-09-21T04:47:56.971Z","","high"
"Thony Gustav","Withdrawal","Plants","trigo",50,0,"2025-09-21T04:48:03.370Z","","high"
"Thony Gustav","Withdrawal","Plants","Bulrush",200,0,"2025-09-21T04:48:38.880Z","","high"
"Thony Gustav","Withdrawal","Plants","Bulrush",50,0,"2025-09-21T04:48:44.308Z","","high"
"Thony Gustav","Withdrawal","Money","Money",0,500,"2025-09-21T05:20:01.064Z","","high"
"Thony Gustav","Deposit","Money","Money",0,1000,"2025-09-21T05:20:15.637Z","","high"
"Smith Ramirez","Withdrawal","Boxes","caixaanimal",200,0,"2025-09-21T05:29:04.261Z","","high"
"Smith Ramirez","Withdrawal","Boxes","caixaanimal",50,0,"2025-09-21T05:29:08.003Z","","high"
"Yuri Westside","Withdrawal","Plants","cornseed",15,0,"2025-09-21T05:35:50.461Z","","high"
"Yuri Westside","Withdrawal","Miscellaneous","hoe",1,0,"2025-09-21T05:35:57.422Z","","high"
"Johnny Rocks","Withdrawal","Plants","cornseed",100,0,"2025-09-21T05:37:44.407Z","","high"
"Chris Rubble","Withdrawal","Plants","cornseed",50,0,"2025-09-21T05:41:05.212Z","","high"
"Chris Rubble","Withdrawal","Miscellaneous","hoe",1,0,"2025-09-21T05:41:14.564Z","","high"
"Chris Rubble","Withdrawal","Miscellaneous","common_portion_chicken",8,0,"2025-09-21T05:42:42.394Z","","high"
"Smith Ramirez","Deposit","Money","Money",0,500,"2025-09-21T05:43:50.029Z","","high"
"Yuri Westside","Deposit","Plants","corn",150,0,"2025-09-21T06:02:36.134Z","","high"
"Ubirajara Cauamb","Deposit","Miscellaneous","hoe",1,0,"2025-09-21T06:28:58.561Z","","high"
"Ubirajara Cauamb","Withdrawal","Miscellaneous","Cigarett",6,0,"2025-09-21T06:29:15.918Z","","high"
"Ubirajara Cauamb","Withdrawal","Miscellaneous","Cigarett",6,0,"2025-09-21T06:29:21.397Z","","high"
"Johnny Rocks","Deposit","Plants","corn",500,0,"2025-09-21T06:48:30.425Z","","high"
"Johnny Rocks","Deposit","Plants","corn",490,0,"2025-09-21T06:50:36.469Z","","high"
"Yuri Westside","Withdrawal","Plants","cornseed",30,0,"2025-09-21T10:55:13.182Z","","high"
"Yuri Westside","Withdrawal","Plants","cornseed",63,0,"2025-09-21T11:18:51.876Z","","high"
"Jizar Stoffeliz","Withdrawal","Plants","trigo",200,0,"2025-09-21T12:42:36.289Z","","high"
"Jizar Stoffeliz","Withdrawal","Plants","trigo",200,0,"2025-09-21T12:42:41.772Z","","high"
"Jizar Stoffeliz","Withdrawal","Plants","trigo",100,0,"2025-09-21T12:42:46.708Z","","high"
"Jizar Stoffeliz","Withdrawal","Plants","Bulrush",200,0,"2025-09-21T12:42:53.883Z","","high"
"Jizar Stoffeliz","Withdrawal","Plants","Bulrush",200,0,"2025-09-21T12:42:58.398Z","","high"
"Jizar Stoffeliz","Withdrawal","Plants","Bulrush",100,0,"2025-09-21T12:43:03.360Z","","high"
"Jizar Stoffeliz","Withdrawal","Plants","corn",200,0,"2025-09-21T12:43:07.836Z","","high"
"Jizar Stoffeliz","Deposit","Plants","Bulrush",200,0,"2025-09-21T12:43:18.526Z","","high"
"Jizar Stoffeliz","Deposit","Plants","trigo",200,0,"2025-09-21T12:43:27.535Z","","high"
"Jizar Stoffeliz","Withdrawal","Plants","corn",200,0,"2025-09-21T12:43:31.636Z","","high"
"Jizar Stoffeliz","Withdrawal","Plants","corn",200,0,"2025-09-21T12:43:35.861Z","","high"
"Jizar Stoffeliz","Withdrawal","Plants","corn",100,0,"2025-09-21T12:43:39.840Z","","high"
"Jizar Stoffeliz","Withdrawal","Plants","corn",200,0,"2025-09-21T12:44:50.389Z","","high"
"Jizar Stoffeliz","Withdrawal","Plants","corn",200,0,"2025-09-21T12:44:54.082Z","","high"
"Jizar Stoffeliz","Withdrawal","Plants","corn",100,0,"2025-09-21T12:44:58.506Z","","high"
"Jizar Stoffeliz","Withdrawal","Plants","Bulrush",200,0,"2025-09-21T12:45:03.774Z","","high"
"Jizar Stoffeliz","Withdrawal","Plants","Bulrush",100,0,"2025-09-21T12:45:09.523Z","","high"
"Jizar Stoffeliz","Withdrawal","Plants","trigo",200,0,"2025-09-21T12:45:15.493Z","","high"
"Jizar Stoffeliz","Withdrawal","Plants","trigo",100,0,"2025-09-21T12:45:20.115Z","","high"
"Jizar Stoffeliz","Withdrawal","Plants","corn",200,0,"2025-09-21T12:46:31.497Z","","high"
"Jizar Stoffeliz","Withdrawal","Plants","corn",200,0,"2025-09-21T12:46:35.744Z","","high"
"Jizar Stoffeliz","Withdrawal","Plants","corn",100,0,"2025-09-21T12:46:40.077Z","","high"
"Jizar Stoffeliz","Withdrawal","Plants","Bulrush",200,0,"2025-09-21T12:46:51.794Z","","high"
"Jizar Stoffeliz","Withdrawal","Plants","Bulrush",100,0,"2025-09-21T12:46:55.429Z","","high"
"Jizar Stoffeliz","Withdrawal","Plants","trigo",200,0,"2025-09-21T12:47:01.601Z","","high"
"Jizar Stoffeliz","Withdrawal","Plants","trigo",100,0,"2025-09-21T12:47:05.519Z","","high"
"Jizar Stoffeliz","Withdrawal","Boxes","caixarustica",200,0,"2025-09-21T12:47:45.453Z","","high"
"Jizar Stoffeliz","Withdrawal","Plants","corn",200,0,"2025-09-21T12:48:33.794Z","","high"
"Jizar Stoffeliz","Withdrawal","Plants","corn",200,0,"2025-09-21T12:48:37.896Z","","high"
"Jizar Stoffeliz","Withdrawal","Plants","corn",100,0,"2025-09-21T12:48:41.911Z","","high"
"Jizar Stoffeliz","Withdrawal","Plants","Bulrush",200,0,"2025-09-21T12:48:51.837Z","","high"
"Jizar Stoffeliz","Withdrawal","Plants","trigo",200,0,"2025-09-21T12:48:57.966Z","","high"
"Jizar Stoffeliz","Withdrawal","Plants","trigo",200,0,"2025-09-21T12:49:02.216Z","","high"
"Jizar Stoffeliz","Withdrawal","Plants","Bulrush",200,0,"2025-09-21T12:49:08.002Z","","high"
"Jizar Stoffeliz","Withdrawal","Plants","Bulrush",100,0,"2025-09-21T12:49:12.886Z","","high"
"Jizar Stoffeliz","Withdrawal","Plants","Bulrush",50,0,"2025-09-21T12:49:17.987Z","","high"
"Jizar Stoffeliz","Withdrawal","Plants","corn",200,0,"2025-09-21T12:50:27.188Z","","high"
"Jizar Stoffeliz","Withdrawal","Plants","corn",200,0,"2025-09-21T12:50:30.927Z","","high"
"Jizar Stoffeliz","Withdrawal","Plants","corn",100,0,"2025-09-21T12:50:34.951Z","","high"
"Jizar Stoffeliz","Withdrawal","Plants","Bulrush",200,0,"2025-09-21T12:50:38.884Z","","high"
"Jizar Stoffeliz","Withdrawal","Plants","trigo",200,0,"2025-09-21T12:50:44.651Z","","high"
"Jizar Stoffeliz","Withdrawal","Plants","corn",200,0,"2025-09-21T12:51:35.380Z","","high"
"Jizar Stoffeliz","Withdrawal","Plants","corn",200,0,"2025-09-21T12:51:39.571Z","","high"
"Jizar Stoffeliz","Withdrawal","Plants","corn",100,0,"2025-09-21T12:51:44.207Z","","high"
"Jizar Stoffeliz","Withdrawal","Plants","trigo",200,0,"2025-09-21T12:51:56.065Z","","high"
"Jizar Stoffeliz","Withdrawal","Plants","trigo",50,0,"2025-09-21T12:52:00.425Z","","high"
"Jizar Stoffeliz","Withdrawal","Plants","Bulrush",200,0,"2025-09-21T12:52:06.694Z","","high"
"Jizar Stoffeliz","Withdrawal","Plants","Bulrush",100,0,"2025-09-21T12:52:11.439Z","","high"
"Jizar Stoffeliz","Withdrawal","Plants","corn",200,0,"2025-09-21T12:53:05.390Z","","high"
"Jizar Stoffeliz","Withdrawal","Plants","corn",200,0,"2025-09-21T12:53:09.451Z","","high"
"Jizar Stoffeliz","Withdrawal","Plants","corn",100,0,"2025-09-21T12:53:13.602Z","","high"
"Jizar Stoffeliz","Withdrawal","Plants","Bulrush",200,0,"2025-09-21T12:53:20.671Z","","high"
"Jizar Stoffeliz","Withdrawal","Plants","Bulrush",100,0,"2025-09-21T12:53:24.433Z","","high"
"Jizar Stoffeliz","Deposit","Boxes","caixadeverduras",500,0,"2025-09-21T12:55:35.645Z","","high"
"Jizar Stoffeliz","Withdrawal","Plants","corn",200,0,"2025-09-21T12:55:44.663Z","","high"
"Jizar Stoffeliz","Withdrawal","Plants","corn",200,0,"2025-09-21T12:55:48.643Z","","high"
"Jizar Stoffeliz","Withdrawal","Plants","corn",100,0,"2025-09-21T12:55:52.958Z","","high"
"Jizar Stoffeliz","Withdrawal","Plants","Bulrush",200,0,"2025-09-21T12:55:56.513Z","","high"
"Jizar Stoffeliz","Withdrawal","Plants","Bulrush",50,0,"2025-09-21T12:56:00.255Z","","high"
"Jizar Stoffeliz","Withdrawal","Plants","trigo",200,0,"2025-09-21T12:56:05.572Z","","high"
"Jizar Stoffeliz","Withdrawal","Plants","trigo",50,0,"2025-09-21T12:56:09.236Z","","high"
"Jizar Stoffeliz","Deposit","Boxes","caixadeverduras",250,0,"2025-09-21T12:57:31.280Z","","high"
"Jizar Stoffeliz","Deposit","Boxes","caixadeverduras",250,0,"2025-09-21T13:00:47.941Z","","high"
"Jizar Stoffeliz","Withdrawal","Boxes","caixadeverduras",1044,0,"2025-09-21T13:05:18.296Z","","high"
"Jizar Stoffeliz","Withdrawal","Boxes","caixadeverduras",200,0,"2025-09-21T13:05:39.730Z","","high"
"Jizar Stoffeliz","Withdrawal","Boxes","caixadeverduras",200,0,"2025-09-21T13:05:44.045Z","","high"
"Jizar Stoffeliz","Withdrawal","Boxes","caixadeverduras",100,0,"2025-09-21T13:05:49.157Z","","high"
"Mixel Laffon","Deposit","Plants","trigo",100,0,"2025-09-21T13:20:16.711Z","","high"
"Mixel Laffon","Deposit","Plants","trigo",100,0,"2025-09-21T13:20:27.580Z","","high"
"Mixel Laffon","Deposit","Plants","trigo",100,0,"2025-09-21T13:20:31.848Z","","high"
"Mixel Laffon","Deposit","Plants","trigo",100,0,"2025-09-21T13:20:37.217Z","","high"
"Mixel Laffon","Deposit","Plants","trigo",100,0,"2025-09-21T13:20:40.880Z","","high"
"Zeca Trindade","Withdrawal","Boxes","caixadeverduras",200,0,"2025-09-21T13:27:36.524Z","","high"
"Zeca Trindade","Withdrawal","Boxes","caixadeverduras",200,0,"2025-09-21T13:27:40.502Z","","high"
"Zeca Trindade","Withdrawal","Boxes","caixadeverduras",100,0,"2025-09-21T13:27:44.697Z","","high"
"Jizar Stoffeliz","Deposit","Money","Money",0,1000,"2025-09-21T13:33:38.006Z","","high"
"Mixel Laffon","Withdrawal","Miscellaneous","Cigarett",5,0,"2025-09-21T13:46:37.909Z","","high"
"Mixel Laffon","Withdrawal","Miscellaneous","common_portion_chicken",8,0,"2025-09-21T13:48:33.140Z","","high"
"Mixel Laffon","Deposit","Miscellaneous","chicken_male",4,0,"2025-09-21T13:49:20.028Z","","high"
"Mixel Laffon","Withdrawal","Miscellaneous","chicken_male",4,0,"2025-09-21T13:49:39.377Z","","high"
"Jizar Stoffeliz","Withdrawal","Miscellaneous","common_portion_chicken",16,0,"2025-09-21T13:50:06.831Z","","high"
"Florencio Laffon","Deposit","Plants","trigo",450,0,"2025-09-21T13:55:58.154Z","","high"
"Jizar Stoffeliz","Withdrawal","Money","Money",0,112.5,"2025-09-21T13:56:20.192Z","","high"
"Florencio Laffon","Withdrawal","Miscellaneous","frangocaipira",3,0,"2025-09-21T13:58:25.012Z","","high"
"Jizar Stoffeliz","Withdrawal","Miscellaneous","Prairie_Poppy",327,0,"2025-09-21T13:58:49.346Z","","high"
"Jizar Stoffeliz","Withdrawal","Plants","Black_Berry_Seed",500,0,"2025-09-21T13:58:54.919Z","","high"
"Jizar Stoffeliz","Withdrawal","Plants","coffeeseeds",200,0,"2025-09-21T13:58:58.268Z","","high"
"Jizar Stoffeliz","Withdrawal","Plants","Crows_Garlic_Seed",500,0,"2025-09-21T13:59:00.664Z","","high"
"Jizar Stoffeliz","Withdrawal","Plants","Parasol_Mushroom_Seed",200,0,"2025-09-21T13:59:03.021Z","","high"
"Jizar Stoffeliz","Withdrawal","Plants","Red_Raspberry_Seed",500,0,"2025-09-21T13:59:05.029Z","","high"
"Jizar Stoffeliz","Withdrawal","Plants","Black_Currant_Seed",500,0,"2025-09-21T13:59:07.426Z","","high"
"Jizar Stoffeliz","Withdrawal","Plants","Oregano_Seed",200,0,"2025-09-21T13:59:10.233Z","","high"
"Jizar Stoffeliz","Withdrawal","Plants","Oleander_Sage_Seed",200,0,"2025-09-21T13:59:13.067Z","","high"
"Mixel Laffon","Deposit","Plants","trigo",100,0,"2025-09-21T14:00:39.862Z","","high"
"Mixel Laffon","Deposit","Plants","trigo",100,0,"2025-09-21T14:00:44.856Z","","high"
"Mixel Laffon","Deposit","Plants","trigo",100,0,"2025-09-21T14:00:49.216Z","","high"
"Mixel Laffon","Deposit","Plants","trigo",100,0,"2025-09-21T14:00:56.453Z","","high"
"Mixel Laffon","Deposit","Plants","trigo",100,0,"2025-09-21T14:01:01.463Z","","high"
"Mixel Laffon","Withdrawal","Plants","trigo",100,0,"2025-09-21T14:01:48.602Z","","high"
"Mixel Laffon","Withdrawal","Plants","trigo",100,0,"2025-09-21T14:01:53.482Z","","high"
"Mixel Laffon","Withdrawal","Plants","trigo",100,0,"2025-09-21T14:01:58.138Z","","high"
"Mixel Laffon","Withdrawal","Plants","trigo",100,0,"2025-09-21T14:02:02.573Z","","high"
"Mixel Laffon","Withdrawal","Plants","trigo",100,0,"2025-09-21T14:02:10.175Z","","high"
"Jizar Stoffeliz","Withdrawal","Plants","Red_Raspberry_Seed",500,0,"2025-09-21T14:02:43.442Z","","high"
"Jizar Stoffeliz","Withdrawal","Plants","Black_Currant_Seed",500,0,"2025-09-21T14:02:45.798Z","","high"
"Jizar Stoffeliz","Withdrawal","Plants","Oleander_Sage_Seed",200,0,"2025-09-21T14:02:48.624Z","","high"
"Jizar Stoffeliz","Withdrawal","Plants","Prairie_Poppy_Seed",500,0,"2025-09-21T14:02:51.269Z","","high"
"Mixel Laffon","Withdrawal","Plants","trigo",100,0,"2025-09-21T14:03:21.739Z","","high"
"Mixel Laffon","Deposit","Plants","trigo",100,0,"2025-09-21T14:04:28.107Z","","high"
"Mixel Laffon","Deposit","Plants","trigo",100,0,"2025-09-21T14:04:33.226Z","","high"
"Mixel Laffon","Deposit","Plants","trigo",100,0,"2025-09-21T14:04:37.953Z","","high"
"Mixel Laffon","Deposit","Plants","trigo",10,0,"2025-09-21T14:04:41.489Z","","high"
"Jizar Stoffeliz","Deposit","Plants","Parasol_Mushroom_Seed",200,0,"2025-09-21T14:06:12.950Z","","high"
"Jizar Stoffeliz","Deposit","Plants","Red_Raspberry_Seed",500,0,"2025-09-21T14:06:19.459Z","","high"
"Jizar Stoffeliz","Deposit","Plants","Black_Currant_Seed",500,0,"2025-09-21T14:06:24.479Z","","high"
"Jizar Stoffeliz","Deposit","Plants","Oleander_Sage_Seed",200,0,"2025-09-21T14:06:28.450Z","","high"
"Jizar Stoffeliz","Deposit","Plants","Prairie_Poppy_Seed",500,0,"2025-09-21T14:06:33.332Z","","high"
"Jizar Stoffeliz","Deposit","Plants","Oregano_Seed",200,0,"2025-09-21T14:06:37.458Z","","high"
"Zeca Trindade","Withdrawal","Miscellaneous","common_portion_chicken",8,0,"2025-09-21T14:08:22.635Z","","high"
"Zeca Trindade","Withdrawal","Miscellaneous","common_portion_sheep",8,0,"2025-09-21T14:08:30.061Z","","high"
"Jizar Stoffeliz","Deposit","Plants","Black_Berry_Seed",500,0,"2025-09-21T14:08:39.859Z","","high"
"Jizar Stoffeliz","Deposit","Plants","Crows_Garlic_Seed",500,0,"2025-09-21T14:08:43.745Z","","high"
"Jizar Stoffeliz","Deposit","Plants","coffeeseeds",200,0,"2025-09-21T14:08:50.817Z","","high"
"Zeca Trindade","Deposit","Plants","corn",500,0,"2025-09-21T14:09:19.699Z","","high"
"Mixel Laffon","Withdrawal","Plants","cornseed",100,0,"2025-09-21T14:11:28.233Z","","high"
"Zeca Trindade","Withdrawal","Miscellaneous","common_portion",8,0,"2025-09-21T14:13:29.608Z","","high"
"Thomas Shelby","Withdrawal","Plants","coffeeseeds",100,0,"2025-09-21T14:18:57.377Z","","high"
"Florencio Laffon","Withdrawal","Plants","semente_trigo",100,0,"2025-09-21T14:23:56.199Z","","high"
"Santiago Bowdin","Withdrawal","Money","Money",0,160,"2025-09-21T14:26:08.554Z","","high"
"Jizar Stoffeliz","Withdrawal","Plants","coffeeseeds",100,0,"2025-09-21T14:26:32.870Z","","high"
"Thomas Shelby","Withdrawal","Miscellaneous","common_portion_sheep",8,0,"2025-09-21T14:49:40.567Z","","high"
"Florencio Laffon","Withdrawal","Miscellaneous","common_portion_donkey",8,0,"2025-09-21T14:49:59.860Z","","high"
"Ubirajara Cauamb","Withdrawal","Plants","cornseed",1,0,"2025-09-21T14:55:10.910Z","","high"
"Ubirajara Cauamb","Withdrawal","Miscellaneous","common_portion_chicken",4,0,"2025-09-21T14:55:27.986Z","","high"
"Florencio Laffon","Deposit","Plants","trigo",500,0,"2025-09-21T14:56:57.801Z","","high"
"Jizar Stoffeliz","Withdrawal","Miscellaneous","adubo3",100,0,"2025-09-21T15:03:52.047Z","","high"
"Thomas Shelby","Deposit","Miscellaneous","coffeebeans",200,0,"2025-09-21T15:05:00.280Z","","high"
"Thomas Shelby","Deposit","Miscellaneous","coffeebeans",200,0,"2025-09-21T15:05:11.294Z","","high"
"Thomas Shelby","Deposit","Miscellaneous","coffeebeans",100,0,"2025-09-21T15:05:16.208Z","","high"
"Mixel Laffon","Deposit","Plants","corn",200,0,"2025-09-21T15:06:29.559Z","","high"
"Mixel Laffon","Deposit","Plants","corn",200,0,"2025-09-21T15:06:34.856Z","","high"
"Mixel Laffon","Deposit","Plants","corn",100,0,"2025-09-21T15:06:39.438Z","","high"
"Mixel Laffon","Deposit","Miscellaneous","common_portion_chicken",8,0,"2025-09-21T15:09:47.380Z","","high"
"Mixel Laffon","Withdrawal","Miscellaneous","common_portion_pig",8,0,"2025-09-21T15:10:21.910Z","","high"
"Izzynha Evans","Withdrawal","Money","Money",0,328,"2025-09-21T15:18:04.897Z","","high"
"Mixel Laffon","Deposit","Miscellaneous","common_portion_pig",8,0,"2025-09-21T15:27:02.037Z","","high"
"Mixel Laffon","Withdrawal","Miscellaneous","common_portion_pig",8,0,"2025-09-21T15:27:07.229Z","","high"
"Ubirajara Cauamb","Withdrawal","Miscellaneous","common_portion_chicken",4,0,"2025-09-21T15:28:03.111Z","","high"
"Thomas Shelby","Deposit","Miscellaneous","coffeebeans",500,0,"2025-09-21T15:30:43.931Z","","high"
"Santiago Bowdin","Deposit","Boxes","caixadeverduras",200,0,"2025-09-21T15:35:45.050Z","","high"
"Santiago Bowdin","Deposit","Boxes","caixaanimal",175,0,"2025-09-21T15:35:46.339Z","","high"
"Santiago Bowdin","Deposit","Boxes","caixadeverduras",500,0,"2025-09-21T15:35:57.853Z","","high"
"Santiago Bowdin","Deposit","Boxes","caixadeverduras",500,0,"2025-09-21T15:36:10.996Z","","high"
"Santiago Bowdin","Deposit","Boxes","caixadeverduras",300,0,"2025-09-21T15:36:22.227Z","","high"
"Santiago Bowdin","Deposit","Boxes","caixaanimal",500,0,"2025-09-21T15:36:36.444Z","","high"
"Santiago Bowdin","Deposit","Boxes","caixaanimal",200,0,"2025-09-21T15:36:44.799Z","","high"
"Santiago Bowdin","Withdrawal","Money","Money",0,4750,"2025-09-21T15:37:32.501Z","","high"
"Souzz Ramirez","Withdrawal","Miscellaneous","Cigarett",2,0,"2025-09-21T15:41:15.495Z","","high"
"Izzynha Evans","Withdrawal","Money","Money",0,782,"2025-09-21T15:43:49.188Z","","high"
"Thony Gustav","Withdrawal","Plants","corn",200,0,"2025-09-21T15:46:06.212Z","","high"
"Thony Gustav","Withdrawal","Plants","corn",200,0,"2025-09-21T15:46:11.803Z","","high"
"Thony Gustav","Withdrawal","Plants","corn",100,0,"2025-09-21T15:46:17.692Z","","high"
"Thony Gustav","Withdrawal","Plants","Bulrush",200,0,"2025-09-21T15:47:35.395Z","","high"
"Thony Gustav","Withdrawal","Plants","Bulrush",50,0,"2025-09-21T15:47:41.990Z","","high"
"Thony Gustav","Withdrawal","Plants","trigo",200,0,"2025-09-21T15:47:48.300Z","","high"
"Thony Gustav","Withdrawal","Plants","trigo",50,0,"2025-09-21T15:47:54.395Z","","high"
"Mixel Laffon","Deposit","Miscellaneous","common_portion_pig",8,0,"2025-09-21T15:49:02.576Z","","high"
"Mixel Laffon","Withdrawal","Plants","Bulrush_Seed",100,0,"2025-09-21T15:49:26.848Z","","high"
"Mixel Laffon","Withdrawal","Miscellaneous","common_portion",8,0,"2025-09-21T15:49:39.400Z","","high"
"Thony Gustav","Withdrawal","Plants","corn",200,0,"2025-09-21T15:50:05.597Z","","high"
"Thony Gustav","Withdrawal","Plants","corn",200,0,"2025-09-21T15:50:13.312Z","","high"
"Thony Gustav","Withdrawal","Plants","corn",100,0,"2025-09-21T15:50:26.261Z","","high"
"Florencio Laffon","Withdrawal","Miscellaneous","common_portion_donkey",4,0,"2025-09-21T15:51:16.559Z","","high"
"Thony Gustav","Withdrawal","Plants","Bulrush",200,0,"2025-09-21T15:51:52.198Z","","high"
"Thony Gustav","Withdrawal","Plants","Bulrush",50,0,"2025-09-21T15:51:57.502Z","","high"
"Thony Gustav","Withdrawal","Plants","trigo",200,0,"2025-09-21T15:52:04.308Z","","high"
"Thony Gustav","Withdrawal","Plants","trigo",50,0,"2025-09-21T15:52:08.905Z","","high"
"Florencio Laffon","Withdrawal","Miscellaneous","common_portion_donkey",4,0,"2025-09-21T15:53:24.643Z","","high"
"Florencio Laffon","Withdrawal","Miscellaneous","common_portion_donkey",4,0,"2025-09-21T15:54:29.356Z","","high"
"Ubirajara Cauamb","Withdrawal","Miscellaneous","common_portion_donkey",4,0,"2025-09-21T15:55:19.743Z","","high"
"Thony Gustav","Withdrawal","Boxes","caixadeverduras",200,0,"2025-09-21T15:55:45.727Z","","high"
"Thony Gustav","Withdrawal","Boxes","caixadeverduras",200,0,"2025-09-21T15:55:51.132Z","","high"
"Thony Gustav","Withdrawal","Boxes","caixadeverduras",100,0,"2025-09-21T15:55:57.102Z","","high"
"Mixel Laffon","Withdrawal","Miscellaneous","common_portion",8,0,"2025-09-21T15:59:28.483Z","","high"
"Thomas Shelby","Withdrawal","Plants","Red_Raspberry_Seed",100,0,"2025-09-21T16:04:40.743Z","","high"
"Florencio Laffon","Deposit","Plants","trigo",500,0,"2025-09-21T16:10:28.730Z","","high"
"Thony Gustav","Withdrawal","Miscellaneous","common_portion_sheep",10,0,"2025-09-21T16:11:04.417Z","","high"
"Thony Gustav","Withdrawal","Miscellaneous","common_portion_pig",10,0,"2025-09-21T16:11:13.633Z","","high"
"Thony Gustav","Deposit","Miscellaneous","common_portion_pig",10,0,"2025-09-21T16:12:53.104Z","","high"
"Thony Gustav","Withdrawal","Miscellaneous","common_portion_goat",10,0,"2025-09-21T16:12:59.844Z","","high"
"Bartholomeu Dias","Withdrawal","Money","Money",0,410,"2025-09-21T16:21:37.164Z","","high"
"Bartholomeu Dias","Withdrawal","Money","Money",0,250,"2025-09-21T16:21:42.442Z","","high"
"Florencio Laffon","Withdrawal","Plants","cornseed",100,0,"2025-09-21T16:31:28.210Z","","high"
"Souzz Ramirez","Withdrawal","Boxes","caixadeverduras",200,0,"2025-09-21T16:38:20.487Z","","high"
"Souzz Ramirez","Withdrawal","Boxes","caixadeverduras",200,0,"2025-09-21T16:38:23.394Z","","high"
"Souzz Ramirez","Withdrawal","Boxes","caixadeverduras",100,0,"2025-09-21T16:38:26.210Z","","high"
"Souzz Ramirez","Withdrawal","Boxes","caixadeverduras",200,0,"2025-09-21T16:39:09.899Z","","high"
"Souzz Ramirez","Withdrawal","Boxes","caixadeverduras",200,0,"2025-09-21T16:39:12.707Z","","high"
"Souzz Ramirez","Withdrawal","Boxes","caixadeverduras",100,0,"2025-09-21T16:39:15.828Z","","high"
"Florencio Laffon","Withdrawal","Miscellaneous","common_portion_pig",10,0,"2025-09-21T16:40:32.268Z","","high"
"Mixel Laffon","Deposit","Plants","corn",200,0,"2025-09-21T16:40:47.275Z","","high"
"Mixel Laffon","Deposit","Plants","corn",200,0,"2025-09-21T16:40:51.992Z","","high"
"Mixel Laffon","Deposit","Plants","corn",90,0,"2025-09-21T16:40:56.504Z","","high"
"Mixel Laffon","Withdrawal","Miscellaneous","common_portion_pig",8,0,"2025-09-21T16:41:18.279Z","","high"
"Mixel Laffon","Deposit","Miscellaneous","common_portion_pig",8,0,"2025-09-21T16:43:00.558Z","","high"
"Mixel Laffon","Withdrawal","Miscellaneous","common_portion",10,0,"2025-09-21T16:43:05.698Z","","high"
"Ubirajara Cauamb","Deposit","Plants","corn",500,0,"2025-09-21T16:44:01.509Z","","high"
"Santiago Bowdin","Withdrawal","Money","Money",0,445,"2025-09-21T16:52:51.349Z","","high"
"Ubirajara Cauamb","Withdrawal","Miscellaneous","sucodelemon",5,0,"2025-09-21T16:54:13.138Z","","high"
"Ubirajara Cauamb","Withdrawal","Plants","cornseed",50,0,"2025-09-21T16:54:21.231Z","","high"
"Ubirajara Cauamb","Withdrawal","Miscellaneous","common_portion_chicken",4,0,"2025-09-21T16:54:40.897Z","","high"
"Ubirajara Cauamb","Withdrawal","Miscellaneous","common_portion_pig",8,0,"2025-09-21T16:55:52.281Z","","high"
"Mixel Laffon","Deposit","Plants","Bulrush",200,0,"2025-09-21T16:56:45.289Z","","high"
"Mixel Laffon","Deposit","Plants","Bulrush",200,0,"2025-09-21T16:56:50.752Z","","high"
"Mixel Laffon","Deposit","Plants","Bulrush",100,0,"2025-09-21T16:56:54.619Z","","high"
"Biel Silva","Withdrawal","Miscellaneous","common_portion_chicken",8,0,"2025-09-21T17:05:53.607Z","","high"
"Bartholomeu Dias","Withdrawal","Miscellaneous","common_portion_chicken",8,0,"2025-09-21T17:06:34.972Z","","high"
"Bartholomeu Dias","Deposit","Miscellaneous","common_portion_chicken",8,0,"2025-09-21T17:06:56.119Z","","high"
"Biel Silva","Deposit","Miscellaneous","common_portion_chicken",8,0,"2025-09-21T17:07:58.707Z","","high"
"Thomas Shelby","Deposit","Miscellaneous","Red_Raspberry",200,0,"2025-09-21T17:10:21.044Z","","high"
"Thomas Shelby","Deposit","Miscellaneous","Red_Raspberry",200,0,"2025-09-21T17:10:26.736Z","","high"
"Thomas Shelby","Deposit","Miscellaneous","Red_Raspberry",100,0,"2025-09-21T17:10:32.025Z","","high"
"Mixel Laffon","Deposit","Plants","Bulrush",200,0,"2025-09-21T17:10:47.188Z","","high"
"Mixel Laffon","Deposit","Plants","Bulrush",200,0,"2025-09-21T17:10:52.754Z","","high"
"Mixel Laffon","Deposit","Plants","Bulrush",100,0,"2025-09-21T17:10:58.296Z","","high"
"Mixel Laffon","Withdrawal","Plants","Crows_Garlic_Seed",100,0,"2025-09-21T17:11:12.270Z","","high"
"Biel Silva","Withdrawal","Plants","semente_trigo",37,0,"2025-09-21T17:12:15.632Z","","high"
"Jizar Stoffeliz","Withdrawal","Miscellaneous","sucodelemon",2,0,"2025-09-21T17:12:47.995Z","","high"
"Thomas Shelby","Deposit","Miscellaneous","Red_Raspberry",200,0,"2025-09-21T17:13:57.972Z","","high"
"Thomas Shelby","Deposit","Miscellaneous","Red_Raspberry",200,0,"2025-09-21T17:14:02.649Z","","high"
"Thomas Shelby","Deposit","Miscellaneous","Red_Raspberry",100,0,"2025-09-21T17:14:07.623Z","","high"
"Mixel Laffon","Withdrawal","Miscellaneous","common_portion",3,0,"2025-09-21T17:18:42.711Z","","high"
"Jizar Stoffeliz","Withdrawal","Miscellaneous","common_portion_goat",16,0,"2025-09-21T17:20:32.358Z","","high"
"Jizar Stoffeliz","Withdrawal","Miscellaneous","common_portion",16,0,"2025-09-21T17:20:37.190Z","","high"
"Jizar Stoffeliz","Withdrawal","Miscellaneous","common_portion_chicken",16,0,"2025-09-21T17:20:40.532Z","","high"
"Jizar Stoffeliz","Withdrawal","Miscellaneous","common_portion_donkey",16,0,"2025-09-21T17:20:44.369Z","","high"
"Jizar Stoffeliz","Withdrawal","Miscellaneous","common_portion_sheep",16,0,"2025-09-21T17:20:47.608Z","","high"
"Jizar Stoffeliz","Withdrawal","Miscellaneous","common_portion_pig",16,0,"2025-09-21T17:20:51.342Z","","high"
"Santiago Bowdin","Deposit","Miscellaneous","saladadefruta",92,0,"2025-09-21T17:21:01.891Z","","high"
"Santiago Bowdin","Deposit","Miscellaneous","sucodepeach",76,0,"2025-09-21T17:21:06.804Z","","high"
"Thomas Shelby","Withdrawal","Miscellaneous","Cigarett",50,0,"2025-09-21T17:21:28.471Z","","high"
"Santiago Bowdin","Deposit","Plants","semente_trigo",500,0,"2025-09-21T17:21:42.217Z","","high"
"Santiago Bowdin","Deposit","Plants","cornseed",500,0,"2025-09-21T17:21:44.954Z","","high"
"Jizar Stoffeliz","Deposit","Miscellaneous","common_portion_goat",6,0,"2025-09-21T17:21:53.840Z","","high"
"Jizar Stoffeliz","Deposit","Miscellaneous","common_portion_chicken",12,0,"2025-09-21T17:21:58.169Z","","high"
"Jizar Stoffeliz","Deposit","Miscellaneous","common_portion",7,0,"2025-09-21T17:22:01.818Z","","high"
"Jizar Stoffeliz","Deposit","Miscellaneous","common_portion_sheep",2,0,"2025-09-21T17:22:06.450Z","","high"
"Jizar Stoffeliz","Deposit","Miscellaneous","common_portion_donkey",6,0,"2025-09-21T17:22:12.471Z","","high"
"Jizar Stoffeliz","Deposit","Miscellaneous","common_portion_pig",14,0,"2025-09-21T17:22:16.784Z","","high"
"Santiago Bowdin","Deposit","Plants","cornseed",500,0,"2025-09-21T17:22:24.672Z","","high"
"Santiago Bowdin","Deposit","Plants","cornseed",500,0,"2025-09-21T17:22:43.814Z","","high"
"Santiago Bowdin","Deposit","Plants","Bulrush_Seed",500,0,"2025-09-21T17:22:58.034Z","","high"
"Thomas Shelby","Withdrawal","Miscellaneous","common_portion_pig",8,0,"2025-09-21T17:23:19.497Z","","high"
"Thomas Shelby","Withdrawal","Miscellaneous","common_portion_pig",8,0,"2025-09-21T17:23:50.082Z","","high"
"Santiago Bowdin","Deposit","Plants","semente_trigo",500,0,"2025-09-21T17:24:08.053Z","","high"
"Santiago Bowdin","Deposit","Plants","semente_trigo",500,0,"2025-09-21T17:24:20.876Z","","high"
"Thomas Shelby","Withdrawal","Plants","Black_Currant_Seed",100,0,"2025-09-21T17:25:47.881Z","","high"
"Santiago Bowdin","Withdrawal","Money","Money",0,160,"2025-09-21T17:28:15.078Z","","high"
"Souzz Ramirez","Deposit","Money","Money",0,2000,"2025-09-21T17:33:37.047Z","","high"
"Biel Silva","Deposit","Plants","trigo",100,0,"2025-09-21T17:45:02.646Z","","high"
"Biel Silva","Deposit","Plants","trigo",100,0,"2025-09-21T17:45:09.040Z","","high"
"Biel Silva","Deposit","Plants","trigo",100,0,"2025-09-21T17:45:15.689Z","","high"
"Biel Silva","Deposit","Plants","trigo",70,0,"2025-09-21T17:45:21.270Z","","high"
"Thomas Shelby","Deposit","Plants","Black_Currant_Seed",44,0,"2025-09-21T17:49:42.855Z","","high"
"Santiago Bowdin","Withdrawal","Money","Money",0,160,"2025-09-21T17:52:03.487Z","","high"
"Gabriel Borges","Withdrawal","Plants","cornseed",2,0,"2025-09-21T17:53:45.000Z","","high"
"Gabriel Borges","Withdrawal","Plants","cornseed",192,0,"2025-09-21T17:54:05.561Z","","high"
"Gabriel Borges","Withdrawal","Miscellaneous","hoe",1,0,"2025-09-21T17:54:12.998Z","","high"
"Souzz Ramirez","Withdrawal","Money","Money",0,570,"2025-09-21T18:03:44.025Z","","high"
"Mixel Laffon","Deposit","Miscellaneous","Crows_Garlic",200,0,"2025-09-21T18:08:32.516Z","","high"
"Mixel Laffon","Deposit","Miscellaneous","Crows_Garlic",200,0,"2025-09-21T18:08:36.807Z","","high"
"Mixel Laffon","Deposit","Miscellaneous","Crows_Garlic",100,0,"2025-09-21T18:08:41.194Z","","high"
"Mixel Laffon","Deposit","Plants","corn",10,0,"2025-09-21T18:08:56.403Z","","high"
"Souzz Ramirez","Withdrawal","Miscellaneous","sucodelemon",4,0,"2025-09-21T18:13:51.165Z","","high"
"Gabriel Borges","Withdrawal","Miscellaneous","adubo3",10,0,"2025-09-21T18:18:36.330Z","","high"
"Mixel Laffon","Deposit","Miscellaneous","Crows_Garlic",200,0,"2025-09-21T18:22:55.588Z","","high"
"Mixel Laffon","Deposit","Miscellaneous","Crows_Garlic",200,0,"2025-09-21T18:23:01.911Z","","high"
"Mixel Laffon","Deposit","Miscellaneous","Crows_Garlic",100,0,"2025-09-21T18:23:07.538Z","","high"
"Bartholomeu Dias","Withdrawal","Money","Money",0,1105,"2025-09-21T18:29:44.284Z","","high"
"Ubirajara Cauamb","Withdrawal","Miscellaneous","sucodepeach",5,0,"2025-09-21T18:30:37.798Z","","high"
"Gabriel Borges","Deposit","Plants","corn",460,0,"2025-09-21T18:38:54.098Z","","high"
"Bartholomeu Dias","Withdrawal","Miscellaneous","common_portion",8,0,"2025-09-21T18:44:36.210Z","","high"
"Bartholomeu Dias","Deposit","Miscellaneous","common_portion",8,0,"2025-09-21T18:44:52.917Z","","high"
"Gabriel Borges","Withdrawal","Miscellaneous","common_portion",7,0,"2025-09-21T18:46:38.461Z","","high"
"Nina Vatore","Withdrawal","Miscellaneous","common_portion_sheep",10,0,"2025-09-21T18:48:48.656Z","","high"
"Nina Vatore","Withdrawal","Plants","corn",100,0,"2025-09-21T18:49:28.443Z","","high"
"Izzynha Evans","Withdrawal","Plants","corn",200,0,"2025-09-21T18:56:19.484Z","","high"
"Izzynha Evans","Withdrawal","Plants","corn",200,0,"2025-09-21T18:56:23.957Z","","high"
"Izzynha Evans","Withdrawal","Plants","corn",100,0,"2025-09-21T18:56:29.058Z","","high"
"Izzynha Evans","Withdrawal","Plants","Bulrush",150,0,"2025-09-21T18:58:03.517Z","","high"
"Izzynha Evans","Withdrawal","Plants","Bulrush",100,0,"2025-09-21T18:58:23.520Z","","high"
"Izzynha Evans","Withdrawal","Plants","trigo",200,0,"2025-09-21T18:58:36.299Z","","high"
"Izzynha Evans","Withdrawal","Plants","trigo",50,0,"2025-09-21T18:58:41.097Z","","high"
"Izzynha Evans","Withdrawal","Boxes","caixarustica",100,0,"2025-09-21T18:59:28.105Z","","high"
"Izzynha Evans","Withdrawal","Plants","corn",200,0,"2025-09-21T19:00:31.097Z","","high"
"Izzynha Evans","Withdrawal","Plants","corn",200,0,"2025-09-21T19:00:40.684Z","","high"
"Izzynha Evans","Withdrawal","Plants","corn",50,0,"2025-09-21T19:00:45.000Z","","high"
"Izzynha Evans","Withdrawal","Plants","corn",50,0,"2025-09-21T19:00:50.306Z","","high"
"Izzynha Evans","Withdrawal","Plants","Bulrush",200,0,"2025-09-21T19:00:58.108Z","","high"
"Izzynha Evans","Withdrawal","Plants","Bulrush",200,0,"2025-09-21T19:01:51.996Z","","high"
"Izzynha Evans","Withdrawal","Plants","Bulrush",50,0,"2025-09-21T19:01:56.265Z","","high"
"Izzynha Evans","Withdrawal","Plants","trigo",200,0,"2025-09-21T19:02:05.551Z","","high"
"Izzynha Evans","Withdrawal","Plants","trigo",50,0,"2025-09-21T19:02:11.340Z","","high"
"Nina Vatore","Deposit","Plants","corn",100,0,"2025-09-21T19:02:29.206Z","","high"
"Nina Vatore","Withdrawal","Plants","cornseed",100,0,"2025-09-21T19:02:39.695Z","","high"
"Gabriel Borges","Deposit","Plants","trigo",130,0,"2025-09-21T19:24:24.078Z","","high"
"Gabriel Borges","Deposit","Plants","corn",480,0,"2025-09-21T19:24:41.412Z","","high"
"Gabriel Borges","Deposit","Miscellaneous","Black_Currant",420,0,"2025-09-21T19:25:22.940Z","","high"
"Thony Gustav","Deposit","Money","Money",0,1000,"2025-09-21T19:33:46.894Z","","high"
"Ubirajara Cauamb","Deposit","Plants","corn",500,0,"2025-09-21T19:42:08.382Z","","high"
"Ubirajara Cauamb","Withdrawal","Plants","cornseed",50,0,"2025-09-21T19:42:32.023Z","","high"
"Florencio Laffon","Deposit","Plants","trigo",370,0,"2025-09-21T19:44:48.897Z","","high"
"Izzynha Evans","Deposit","Money","Money",0,500,"2025-09-21T19:50:33.684Z","","high"
"Florencio Laffon","Deposit","Plants","corn",500,0,"2025-09-21T19:52:58.507Z","","high"
"Florencio Laffon","Deposit","Plants","corn",370,0,"2025-09-21T19:56:21.549Z","","high"
"Chris Rubble","Withdrawal","Money","Money",0,5000,"2025-09-21T19:57:01.757Z","","high"
"Jizar Stoffeliz","Withdrawal","Miscellaneous","Red_Raspberry",1000,0,"2025-09-21T19:59:51.018Z","","high"
"Jizar Stoffeliz","Withdrawal","Miscellaneous","Red_Raspberry",200,0,"2025-09-21T20:00:15.787Z","","high"
"Jizar Stoffeliz","Withdrawal","Miscellaneous","Red_Raspberry",200,0,"2025-09-21T20:00:20.010Z","","high"
"Jizar Stoffeliz","Withdrawal","Miscellaneous","Red_Raspberry",100,0,"2025-09-21T20:00:24.076Z","","high"
"Jizar Stoffeliz","Withdrawal","Miscellaneous","Black_Currant",200,0,"2025-09-21T20:00:28.649Z","","high"
"Jizar Stoffeliz","Withdrawal","Miscellaneous","Black_Currant",220,0,"2025-09-21T20:00:31.823Z","","high"
"Jizar Stoffeliz","Withdrawal","Miscellaneous","coffeebeans",200,0,"2025-09-21T20:00:38.394Z","","high"
"Jizar Stoffeliz","Withdrawal","Miscellaneous","coffeebeans",200,0,"2025-09-21T20:00:42.101Z","","high"
"Jizar Stoffeliz","Withdrawal","Miscellaneous","coffeebeans",100,0,"2025-09-21T20:00:46.394Z","","high"
"Jizar Stoffeliz","Withdrawal","Miscellaneous","Crows_Garlic",200,0,"2025-09-21T20:02:00.958Z","","high"
"Jizar Stoffeliz","Withdrawal","Miscellaneous","Crows_Garlic",200,0,"2025-09-21T20:02:04.017Z","","high"
"Jizar Stoffeliz","Withdrawal","Miscellaneous","Crows_Garlic",100,0,"2025-09-21T20:02:11.124Z","","high"
"Jizar Stoffeliz","Withdrawal","Miscellaneous","Red_Raspberry",500,0,"2025-09-21T20:02:20.083Z","","high"
"Jizar Stoffeliz","Withdrawal","Miscellaneous","Bay_Bolete",150,0,"2025-09-21T20:02:41.676Z","","high"
"Jizar Stoffeliz","Withdrawal","Miscellaneous","coffeebeans",200,0,"2025-09-21T20:02:48.695Z","","high"
"Gabriel Borges","Deposit","Plants","corn",200,0,"2025-09-21T20:04:13.768Z","","high"
"Gabriel Borges","Deposit","Miscellaneous","Black_Currant",120,0,"2025-09-21T20:05:28.047Z","","high"
"Jizar Stoffeliz","Withdrawal","Miscellaneous","Milk_Weed",130,0,"2025-09-21T20:06:49.945Z","","high"
"Jizar Stoffeliz","Withdrawal","Miscellaneous","Black_Currant",120,0,"2025-09-21T20:06:55.578Z","","high"
"Jizar Stoffeliz","Deposit","Plants","coffeeseeds",24,0,"2025-09-21T20:07:14.469Z","","high"
"Jizar Stoffeliz","Deposit","Miscellaneous","Milk_Weed",130,0,"2025-09-21T20:09:30.408Z","","high"
"Jizar Stoffeliz","Withdrawal","Plants","Oleander_Sage_Seed",50,0,"2025-09-21T20:09:43.818Z","","high"
"Jizar Stoffeliz","Withdrawal","Plants","Oregano_Seed",50,0,"2025-09-21T20:09:48.830Z","","high"
"Jizar Stoffeliz","Withdrawal","Plants","Parasol_Mushroom_Seed",50,0,"2025-09-21T20:10:00.238Z","","high"
"Jizar Stoffeliz","Withdrawal","Plants","Black_Berry_Seed",50,0,"2025-09-21T20:10:11.527Z","","high"
"Jizar Stoffeliz","Withdrawal","Miscellaneous","sucodepeach",5,0,"2025-09-21T20:11:21.712Z","","high"
"Izzynha Evans","Withdrawal","Plants","corn",200,0,"2025-09-21T20:12:10.540Z","","high"
"Izzynha Evans","Withdrawal","Plants","corn",200,0,"2025-09-21T20:12:15.553Z","","high"
"Izzynha Evans","Withdrawal","Plants","corn",100,0,"2025-09-21T20:12:20.520Z","","high"
"Bartholomeu Dias","Withdrawal","Money","Money",0,470,"2025-09-21T20:12:38.354Z","","high"
"Thony Gustav","Withdrawal","Plants","corn",200,0,"2025-09-21T20:13:12.221Z","","high"
"Thony Gustav","Withdrawal","Plants","corn",200,0,"2025-09-21T20:13:24.377Z","","high"
"Thony Gustav","Withdrawal","Plants","corn",100,0,"2025-09-21T20:13:36.595Z","","high"
"Izzynha Evans","Withdrawal","Plants","Bulrush",200,0,"2025-09-21T20:14:02.760Z","","high"
"Izzynha Evans","Withdrawal","Plants","Bulrush",50,0,"2025-09-21T20:14:07.255Z","","high"
"Izzynha Evans","Withdrawal","Plants","trigo",200,0,"2025-09-21T20:14:24.851Z","","high"
"Izzynha Evans","Withdrawal","Plants","trigo",50,0,"2025-09-21T20:14:29.733Z","","high"
"Izzynha Evans","Withdrawal","Plants","Bulrush",788,0,"2025-09-21T20:15:35.225Z","","high"
"Izzynha Evans","Withdrawal","Plants","Bulrush",200,0,"2025-09-21T20:15:39.872Z","","high"
"Izzynha Evans","Withdrawal","Plants","Bulrush",50,0,"2025-09-21T20:15:44.413Z","","high"
"Izzynha Evans","Withdrawal","Plants","trigo",200,0,"2025-09-21T20:15:59.987Z","","high"
"Izzynha Evans","Withdrawal","Plants","trigo",50,0,"2025-09-21T20:16:06.509Z","","high"
"Thony Gustav","Withdrawal","Plants","corn",200,0,"2025-09-21T20:16:50.920Z","","high"
"Thony Gustav","Withdrawal","Plants","corn",200,0,"2025-09-21T20:17:04.235Z","","high"
"Thony Gustav","Withdrawal","Plants","corn",100,0,"2025-09-21T20:17:12.330Z","","high"
"Thony Gustav","Withdrawal","Boxes","caixarustica",50,0,"2025-09-21T20:17:24.250Z","","high"
"Ubirajara Cauamb","Deposit","Plants","corn",500,0,"2025-09-21T20:17:36.075Z","","high"
"Izzynha Evans","Withdrawal","Miscellaneous","Cigarett",5,0,"2025-09-21T20:19:10.877Z","","high"
"Izzynha Evans","Withdrawal","Miscellaneous","sucodepeach",10,0,"2025-09-21T20:19:40.552Z","","high"
"Thony Gustav","Withdrawal","Miscellaneous","common_portion_pig",10,0,"2025-09-21T20:21:12.987Z","","high"
"Ubirajara Cauamb","Deposit","Miscellaneous","common_portion_chicken",4,0,"2025-09-21T20:21:56.813Z","","high"
"Ubirajara Cauamb","Withdrawal","Miscellaneous","common_portion_pig",10,0,"2025-09-21T20:23:44.241Z","","high"
"Gabriel Borges","Deposit","Plants","corn",500,0,"2025-09-21T20:23:52.723Z","","high"
"Ubirajara Cauamb","Withdrawal","Plants","cornseed",50,0,"2025-09-21T20:25:37.437Z","","high"
"Gabriel Borges","Withdrawal","Miscellaneous","sucodepeach",5,0,"2025-09-21T20:28:08.932Z","","high"
"Gabriel Borges","Withdrawal","Miscellaneous","common_portion",8,0,"2025-09-21T20:29:57.752Z","","high"
"Izzynha Evans","Withdrawal","Money","Money",0,395,"2025-09-21T20:48:49.409Z","","high"
"Izzynha Evans","Withdrawal","Money","Money",0,672,"2025-09-21T20:56:25.244Z","","high"
"Jizar Stoffeliz","Withdrawal","Miscellaneous","adubo3",100,0,"2025-09-21T20:57:44.287Z","","high"
"Thony Gustav","Withdrawal","Money","Money",0,535,"2025-09-21T21:13:02.449Z","","high"
"Ubirajara Cauamb","Deposit","Plants","corn",500,0,"2025-09-21T21:14:27.596Z","","high"
"Jizar Stoffeliz","Withdrawal","Miscellaneous","Crows_Garlic",500,0,"2025-09-21T21:16:18.469Z","","high"
"Jizar Stoffeliz","Withdrawal","Miscellaneous","coffeebeans",800,0,"2025-09-21T21:16:22.806Z","","high"
"Jizar Stoffeliz","Withdrawal","Miscellaneous","coffeebeans",200,0,"2025-09-21T21:16:26.631Z","","high"
"Jizar Stoffeliz","Withdrawal","Miscellaneous","coffeebeans",200,0,"2025-09-21T21:16:30.218Z","","high"
"Jizar Stoffeliz","Withdrawal","Miscellaneous","coffeebeans",100,0,"2025-09-21T21:16:33.983Z","","high"
"Jizar Stoffeliz","Withdrawal","Plants","Prairie_Poppy_Seed",50,0,"2025-09-21T21:16:51.113Z","","high"
"Jizar Stoffeliz","Withdrawal","Plants","Parasol_Mushroom_Seed",50,0,"2025-09-21T21:17:04.475Z","","high"
"Ale Beckham","Withdrawal","Plants","Bulrush_Seed",40,0,"2025-09-21T21:32:20.346Z","","high"
"Santiago Bowdin","Withdrawal","Money","Money",0,160,"2025-09-21T21:32:34.013Z","","high"
"Ale Beckham","Withdrawal","Miscellaneous","sucodepeach",2,0,"2025-09-21T21:34:34.013Z","","high"
"Ubirajara Cauamb","Withdrawal","Plants","cornseed",50,0,"2025-09-21T21:39:38.445Z","","high"
"Chris Rubble","Deposit","Miscellaneous","fibras",188,0,"2025-09-21T21:39:57.755Z","","high"
"Chris Rubble","Deposit","Plants","Bulrush_Seed",50,0,"2025-09-21T21:41:18.944Z","","high"
"Chris Rubble","Deposit","Plants","semente_trigo",50,0,"2025-09-21T21:41:22.152Z","","high"
"Cliff Dillimore","Withdrawal","Boxes","caixaanimal",200,0,"2025-09-21T21:50:29.514Z","","high"
"Cliff Dillimore","Withdrawal","Boxes","caixaanimal",200,0,"2025-09-21T21:50:30.858Z","","high"
"Cliff Dillimore","Withdrawal","Boxes","caixaanimal",100,0,"2025-09-21T21:50:32.908Z","","high"
"Cliff Dillimore","Withdrawal","Boxes","caixaanimal",50,0,"2025-09-21T21:50:35.429Z","","high"
"Cliff Dillimore","Withdrawal","Boxes","caixaanimal",50,0,"2025-09-21T21:51:23.931Z","","high"
"Ale Beckham","Deposit","Plants","Bulrush",150,0,"2025-09-21T22:07:24.302Z","","high"
"Ale Beckham","Deposit","Plants","Bulrush",150,0,"2025-09-21T22:07:30.727Z","","high"
"Ale Beckham","Deposit","Plants","Bulrush",100,0,"2025-09-21T22:07:34.480Z","","high"
"Nina Vatore","Deposit","Plants","corn",120,0,"2025-09-21T22:12:39.262Z","","high"
"Nina Vatore","Deposit","Plants","corn",390,0,"2025-09-21T22:14:05.114Z","","high"
"Jubiscleia Gilbert","Withdrawal","Miscellaneous","Cigarett",2,0,"2025-09-21T22:15:18.972Z","","high"
"Santiago Bowdin","Withdrawal","Money","Money",0,350,"2025-09-21T22:20:40.557Z","","high"
"Chris Rubble","Withdrawal","Plants","trigo",200,0,"2025-09-21T22:22:09.915Z","","high"
"Chris Rubble","Withdrawal","Plants","trigo",50,0,"2025-09-21T22:22:13.616Z","","high"
"Chris Rubble","Withdrawal","Plants","Bulrush",200,0,"2025-09-21T22:22:18.551Z","","high"
"Chris Rubble","Withdrawal","Plants","Bulrush",50,0,"2025-09-21T22:22:25.137Z","","high"
"Santiago Bowdin","Withdrawal","Money","Money",0,312.5,"2025-09-21T22:22:44.991Z","","high"
"Chris Rubble","Withdrawal","Plants","corn",200,0,"2025-09-21T22:23:10.171Z","","high"
"Chris Rubble","Withdrawal","Plants","corn",200,0,"2025-09-21T22:23:13.842Z","","high"
"Chris Rubble","Withdrawal","Plants","corn",100,0,"2025-09-21T22:23:17.472Z","","high"
"Chris Rubble","Withdrawal","Plants","Bulrush",200,0,"2025-09-21T22:23:46.247Z","","high"
"Chris Rubble","Withdrawal","Plants","Bulrush",50,0,"2025-09-21T22:23:49.496Z","","high"
"Chris Rubble","Withdrawal","Plants","trigo",200,0,"2025-09-21T22:23:54.058Z","","high"
"Chris Rubble","Withdrawal","Plants","trigo",50,0,"2025-09-21T22:23:57.623Z","","high"
"Chris Rubble","Withdrawal","Boxes","caixarustica",100,0,"2025-09-21T22:24:39.190Z","","high"
"Chris Rubble","Withdrawal","Boxes","caixarustica",100,0,"2025-09-21T22:24:43.759Z","","high"
"Chris Rubble","Withdrawal","Plants","Bulrush",200,0,"2025-09-21T22:24:48.395Z","","high"
"Chris Rubble","Withdrawal","Plants","Bulrush",50,0,"2025-09-21T22:24:51.651Z","","high"
"Nathy Miller","Withdrawal","Miscellaneous","common_portion_chicken",4,0,"2025-09-21T22:25:13.035Z","","high"
"Chris Rubble","Withdrawal","Plants","corn",200,0,"2025-09-21T22:25:21.317Z","","high"
"Chris Rubble","Withdrawal","Plants","corn",200,0,"2025-09-21T22:25:24.456Z","","high"
"Chris Rubble","Withdrawal","Plants","corn",100,0,"2025-09-21T22:25:28.353Z","","high"
"Cliff Dillimore","Deposit","Money","Money",0,1000,"2025-09-21T22:25:35.559Z","","high"
"Chris Rubble","Withdrawal","Plants","trigo",200,0,"2025-09-21T22:25:52.208Z","","high"
"Chris Rubble","Withdrawal","Plants","trigo",50,0,"2025-09-21T22:25:55.287Z","","high"
"Nathy Miller","Deposit","Miscellaneous","common_portion_chicken",4,0,"2025-09-21T22:26:27.041Z","","high"
"Nathy Miller","Withdrawal","Miscellaneous","common_portion_pig",4,0,"2025-09-21T22:26:34.199Z","","high"
"Chris Rubble","Deposit","Boxes","caixadeverduras",250,0,"2025-09-21T22:26:42.508Z","","high"
"Jubiscleia Gilbert","Deposit","Miscellaneous","Carvao",6,0,"2025-09-21T22:29:10.113Z","","high"
"Jubiscleia Gilbert","Deposit","Miscellaneous","stringy",3,0,"2025-09-21T22:29:21.445Z","","high"
"Jubiscleia Gilbert","Deposit","Miscellaneous","muskrats",1,0,"2025-09-21T22:29:23.378Z","","high"
"Jubiscleia Gilbert","Withdrawal","Miscellaneous","common_portion_sheep",4,0,"2025-09-21T22:29:36.552Z","","high"
"Jubiscleia Gilbert","Withdrawal","Plants","cornseed",25,0,"2025-09-21T22:30:47.615Z","","high"
"Souzz Ramirez","Withdrawal","Boxes","caixadeverduras",200,0,"2025-09-21T22:34:23.948Z","","high"
"Souzz Ramirez","Withdrawal","Boxes","caixadeverduras",50,0,"2025-09-21T22:34:26.654Z","","high"
"John Weslley","Withdrawal","Boxes","caixaanimal",200,0,"2025-09-21T22:40:19.573Z","","high"
"John Weslley","Withdrawal","Boxes","caixaanimal",50,0,"2025-09-21T22:40:23.532Z","","high"
"Jubiscleia Gilbert","Withdrawal","Miscellaneous","common_portion_sheep",4,0,"2025-09-21T22:47:28.614Z","","high"
"Souzz Ramirez","Deposit","Money","Money",0,500,"2025-09-21T22:47:47.249Z","","high"
"Thony Gustav","Withdrawal","Money","Money",0,160,"2025-09-21T23:00:48.002Z","","high"
"Jubiscleia Gilbert","Deposit","Plants","corn",200,0,"2025-09-21T23:13:41.505Z","","high"
"Jubiscleia Gilbert","Deposit","Plants","corn",200,0,"2025-09-21T23:13:47.186Z","","high"
"Jubiscleia Gilbert","Deposit","Plants","corn",100,0,"2025-09-21T23:13:50.746Z","","high"
"Thony Gustav","Withdrawal","Money","Money",0,285,"2025-09-21T23:16:32.789Z","","high"
"Jizar Stoffeliz","Withdrawal","Miscellaneous","adubo3",50,0,"2025-09-21T23:18:33.446Z","","high"
"John Weslley","Withdrawal","Plants","Bulrush_Seed",200,0,"2025-09-21T23:19:48.180Z","","high"
"Ubirajara Cauamb","Deposit","Miscellaneous","common_portion_pig",4,0,"2025-09-21T23:20:27.334Z","","high"
"Ubirajara Cauamb","Deposit","Plants","cornseed",50,0,"2025-09-21T23:20:33.735Z","","high"
"Yuri Westside","Deposit","Plants","corn",200,0,"2025-09-21T23:22:27.618Z","","high"
"Yuri Westside","Deposit","Plants","corn",100,0,"2025-09-21T23:22:31.193Z","","high"
"Yuri Westside","Withdrawal","Plants","cornseed",30,0,"2025-09-21T23:23:18.954Z","","high"
"Ubirajara Cauamb","Withdrawal","Plants","cornseed",50,0,"2025-09-21T23:24:17.694Z","","high"
"Jizar Stoffeliz","Deposit","Miscellaneous","Carvao",500,0,"2025-09-21T23:24:54.366Z","","high"
"Thony Gustav","Withdrawal","Miscellaneous","sucodepeach",11,0,"2025-09-21T23:37:03.329Z","","high"
"Gabriel Borges","Deposit","Plants","cornseed",101,0,"2025-09-21T23:41:13.828Z","","high"
"Yuri Westside","Deposit","Plants","corn",200,0,"2025-09-21T23:45:04.750Z","","high"
"Yuri Westside","Deposit","Plants","corn",100,0,"2025-09-21T23:45:07.291Z","","high"
"Yuri Westside","Withdrawal","Plants","cornseed",50,0,"2025-09-21T23:45:43.659Z","","high"
"Gabriel Borges","Withdrawal","Miscellaneous","common_portion_donkey",8,0,"2025-09-21T23:47:31.611Z","","high"
"Gabriel Borges","Withdrawal","Miscellaneous","common_portion_donkey",8,0,"2025-09-21T23:48:00.347Z","","high"
"Kenai Comanches","Withdrawal","Miscellaneous","hoe",1,0,"2025-09-21T23:50:00.409Z","","high"
"Kenai Comanches","Withdrawal","Plants","cornseed",100,0,"2025-09-21T23:50:37.136Z","","high"
"Ubirajara Cauamb","Deposit","Plants","corn",500,0,"2025-09-21T23:57:26.018Z","","high"
"Bartholomeu Dias","Withdrawal","Miscellaneous","saladadefruta",10,0,"2025-09-21T23:59:46.051Z","","high"
